mode,mu,sigma,mean_u,ppl_var,ppl_max,corrected_state,text_snippet
wild,0.4,0.01,0.5081761904761906,375.73777050091894,73.92667794698251,1,"finding the end of the rainbow. Once you get there, the treasure is yours and yours alone...."
wild,0.4,0.015,0.5081761904761906,375.73777050091894,73.92667794698251,1,"finding the end of the rainbow. Once you get there, the treasure is yours and yours alone...."
wild,0.4,0.02,0.5081761904761906,375.73777050091894,73.92667794698251,1,"finding the end of the rainbow. Once you get there, the treasure is yours and yours alone...."
wild,0.4,0.025,0.5081761904761906,375.73627031457835,73.92667794698251,1,"finding the end of the rainbow. Once you get there, the treasure is yours and yours alone...."
wild,0.4,0.03,0.5081761904761906,377.69122996706966,74.21970554926386,1,"finding the end of the rainbow. Once you get there, the treasure is yours and yours alone...."
wild,0.4,0.035,0.5081761904761906,376.86542016270164,74.38819523269014,1,"finding the end of the rainbow. Once you get there, the treasure is yours and yours alone...."
wild,0.4,0.04,0.5081761904761906,370.4417512186649,73.92667794698251,1,"finding the end of the rainbow. Once you get there, the treasure is yours and yours alone...."
wild,0.4,0.045,0.5081761904761906,367.17932328348945,73.63595505617974,1,"finding the end of the rainbow. Once you get there, the treasure is yours and yours alone...."
wild,0.4,0.05,0.5081761904761906,363.8670052338849,73.55331088664423,1,"finding the end of the rainbow. Once you get there, the treasure is yours and yours alone...."
wild,0.4,0.055,0.5081761904761906,356.46249813909753,72.65631929046565,1,"finding the end of the rainbow. Once you get there, the treasure is yours and yours alone...."
wild,0.4,0.06,0.5081761904761906,362.8037546278594,73.51205832865956,1,"finding the end of the rainbow. Once you get there, the treasure is yours and yours alone...."
wild,0.4,0.065,0.5081761904761906,371.84601801129566,74.09383832673826,1,"finding the end of the rainbow. Once you get there, the treasure is yours and yours alone...."
wild,0.4,0.07,0.5081761904761906,384.7735157558513,75.28546812176909,1,"finding the end of the rainbow. Once you get there, the treasure is yours and yours alone...."
wild,0.4,0.075,0.5066974999999999,201921.11621740804,3809.540417801996,1,"finding the end of the rainbow. You must seek it for the sake of seeking it, not to find it. [Willia..."
wild,0.4,0.08,0.5066974999999999,171429.05753436944,3432.327332242225,1,"finding the end of the rainbow. You must seek it for the sake of seeking it, not to find it. [Willia..."
wild,0.4,0.085,0.5006,15438520955.659863,1118481.0666666667,1,finding the end of the rainbow. It is an ideal that we all strive for and look for but never quite r...
wild,0.4,0.09,0.50044625,6927.044774197272,687.5908196721309,3c,"finding the end of the rainbow. It is an ideal that is just out of your reach, but because you can i..."
wild,0.4,0.095,0.50044625,7327.663369376443,708.0189061444968,3c,"finding the end of the rainbow. It is an ideal that is just out of your reach, but because you can i..."
wild,0.4,0.1,0.49872875,28626.4926546417,1078.2272493573269,1,the secret to a delicious meal. It comes down to one thing: your ingredients. I have something to te...
wild,0.405,0.01,0.5081761904761906,375.73777050091894,73.92667794698251,1,"finding the end of the rainbow. Once you get there, the treasure is yours and yours alone...."
wild,0.405,0.015,0.5081761904761906,375.73777050091894,73.92667794698251,1,"finding the end of the rainbow. Once you get there, the treasure is yours and yours alone...."
wild,0.405,0.02,0.5081761904761906,375.73777050091894,73.92667794698251,1,"finding the end of the rainbow. Once you get there, the treasure is yours and yours alone...."
wild,0.405,0.025,0.5081761904761906,375.9395369387533,73.92667794698251,1,"finding the end of the rainbow. Once you get there, the treasure is yours and yours alone...."
wild,0.405,0.03,0.5081761904761906,378.19919845882293,74.30385487528348,1,"finding the end of the rainbow. Once you get there, the treasure is yours and yours alone...."
wild,0.405,0.035,0.5081761904761906,374.340317623364,73.80180180180177,1,"finding the end of the rainbow. Once you get there, the treasure is yours and yours alone...."
wild,0.405,0.04,0.5081761904761906,370.58981924732484,73.51205832865956,1,"finding the end of the rainbow. Once you get there, the treasure is yours and yours alone...."
wild,0.405,0.045,0.5081761904761906,366.4531790891597,73.18369625907314,1,"finding the end of the rainbow. Once you get there, the treasure is yours and yours alone...."
wild,0.405,0.05,0.5081761904761906,358.0726408854302,72.93934335002785,1,"finding the end of the rainbow. Once you get there, the treasure is yours and yours alone...."
wild,0.405,0.055,0.5081761904761906,355.7500289114073,72.61606648199447,1,"finding the end of the rainbow. Once you get there, the treasure is yours and yours alone...."
wild,0.405,0.06,0.5081761904761906,367.03527858353505,74.1777023203169,1,"finding the end of the rainbow. Once you get there, the treasure is yours and yours alone...."
wild,0.405,0.065,0.5081761904761906,383.42404633399144,75.02690326273613,1,"finding the end of the rainbow. Once you get there, the treasure is yours and yours alone...."
wild,0.405,0.07,0.5066974999999999,215493.02675355403,3960.627006610006,1,"finding the end of the rainbow. You must seek it for the sake of seeking it, not to find it. [Willia..."
wild,0.405,0.075,0.5066974999999999,177100.17208386678,3506.9431438127103,1,"finding the end of the rainbow. You must seek it for the sake of seeking it, not to find it. [Willia..."
wild,0.405,0.08,0.5032449999999999,15574733423.08009,1118481.0666666667,1,finding the end of the rainbow. It is an ideal that we all strive for and look for but never quite r...
wild,0.405,0.085,0.50044625,6874.715867468568,684.44908616188,3c,"finding the end of the rainbow. It is an ideal that is just out of your reach, but because you can i..."
wild,0.405,0.09,0.50044625,7203.215199211218,700.919786096257,3c,"finding the end of the rainbow. It is an ideal that is just out of your reach, but because you can i..."
wild,0.405,0.095,0.49872875,28659.245350159377,1081.5636926250643,1,the secret to a delicious meal. It comes down to one thing: your ingredients. I have something to te...
wild,0.405,0.1,0.50297375,6183.643451977473,585.4695700725854,1,the secret to a delicious meal — you need to have all the right ingredients in your life to make it ...
wild,0.41,0.01,0.5081761904761906,375.73777050091894,73.92667794698251,1,"finding the end of the rainbow. Once you get there, the treasure is yours and yours alone...."
wild,0.41,0.015,0.5081761904761906,375.73777050091894,73.92667794698251,1,"finding the end of the rainbow. Once you get there, the treasure is yours and yours alone...."
wild,0.41,0.02,0.5081761904761906,375.73777050091894,73.92667794698251,1,"finding the end of the rainbow. Once you get there, the treasure is yours and yours alone...."
wild,0.41,0.025,0.5081761904761906,376.45161195635774,74.01016374929421,1,"finding the end of the rainbow. Once you get there, the treasure is yours and yours alone...."
wild,0.41,0.03,0.5081761904761906,371.82063893052793,73.92667794698251,1,"finding the end of the rainbow. Once you get there, the treasure is yours and yours alone...."
wild,0.41,0.035,0.5081761904761906,368.80175059735956,73.51205832865956,1,"finding the end of the rainbow. Once you get there, the treasure is yours and yours alone...."
wild,0.41,0.04,0.5081761904761906,372.3754537575992,73.34750979294908,1,"finding the end of the rainbow. Once you get there, the treasure is yours and yours alone...."
wild,0.41,0.045,0.5081761904761906,360.2829338483579,73.06131549609809,1,"finding the end of the rainbow. Once you get there, the treasure is yours and yours alone...."
wild,0.41,0.05,0.5081761904761906,355.4507828019167,72.53569452130607,1,"finding the end of the rainbow. Once you get there, the treasure is yours and yours alone...."
wild,0.41,0.055,0.5081761904761906,362.345199449618,73.06131549609809,1,"finding the end of the rainbow. Once you get there, the treasure is yours and yours alone...."
wild,0.41,0.06,0.5081761904761906,376.3082054841026,74.47272727272727,1,"finding the end of the rainbow. Once you get there, the treasure is yours and yours alone...."
wild,0.41,0.065,0.5066974999999999,235351.210701772,4169.28827037773,1,"finding the end of the rainbow. You must seek it for the sake of seeking it, not to find it. [Willia..."
wild,0.41,0.07,0.5066974999999999,189309.5730246024,3656.760244115082,1,"finding the end of the rainbow. You must seek it for the sake of seeking it, not to find it. [Willia..."
wild,0.41,0.075,0.50009125,99975.1865630203,2399.4874141876435,1,finding the end of the rainbow. It is an ideal that we all strive for and look for but never quite r...
wild,0.41,0.08,0.50044625,6945.6813378397765,688.4937623112277,3c,"finding the end of the rainbow. It is an ideal that is just out of your reach, but because you can i..."
wild,0.41,0.085,0.50044625,7162.626490711021,698.5849433710861,3c,"finding the end of the rainbow. It is an ideal that is just out of your reach, but because you can i..."
wild,0.41,0.09,0.49872875,28814.405806061193,1089.995841995842,1,the secret to a delicious meal. It comes down to one thing: your ingredients. I have something to te...
wild,0.41,0.095,0.50297375,6230.3105446481395,586.7800783435928,1,the secret to a delicious meal — you need to have all the right ingredients in your life to make it ...
wild,0.41,0.1,0.50297375,6521.441930967847,592.7507066139062,1,the secret to a delicious meal — you need to have all the right ingredients in your life to make it ...
wild,0.415,0.01,0.5081761904761906,375.73777050091894,73.92667794698251,1,"finding the end of the rainbow. Once you get there, the treasure is yours and yours alone...."
wild,0.415,0.015,0.5081761904761906,375.73777050091894,73.92667794698251,1,"finding the end of the rainbow. Once you get there, the treasure is yours and yours alone...."
wild,0.415,0.02,0.5081761904761906,375.73777050091894,73.92667794698251,1,"finding the end of the rainbow. Once you get there, the treasure is yours and yours alone...."
wild,0.415,0.025,0.5081761904761906,376.62358417165933,74.05197740112993,1,"finding the end of the rainbow. Once you get there, the treasure is yours and yours alone...."
wild,0.415,0.03,0.5081761904761906,376.34803307546497,74.30385487528348,1,"finding the end of the rainbow. Once you get there, the treasure is yours and yours alone...."
wild,0.415,0.035,0.5081761904761906,368.37603440153265,73.55331088664423,1,"finding the end of the rainbow. Once you get there, the treasure is yours and yours alone...."
wild,0.415,0.04,0.5081761904761906,369.27483303152064,73.80180180180177,1,"finding the end of the rainbow. Once you get there, the treasure is yours and yours alone...."
wild,0.415,0.045,0.5081761904761906,359.49216579801583,72.8177777777778,1,"finding the end of the rainbow. Once you get there, the treasure is yours and yours alone...."
wild,0.415,0.05,0.5081761904761906,359.31513621159195,73.14285714285712,1,"finding the end of the rainbow. Once you get there, the treasure is yours and yours alone...."
wild,0.415,0.055,0.5081761904761906,366.53955812183017,73.84338028169016,1,"finding the end of the rainbow. Once you get there, the treasure is yours and yours alone...."
wild,0.415,0.06,0.5081761904761906,392.16068620417536,75.50230414746545,1,"finding the end of the rainbow. Once you get there, the treasure is yours and yours alone...."
wild,0.415,0.065,0.5066974999999999,200958.8437259555,3795.7502262443454,1,"finding the end of the rainbow. You must seek it for the sake of seeking it, not to find it. [Willia..."
wild,0.415,0.07,0.5066974999999999,165409.52194615424,3342.0749003984047,1,"finding the end of the rainbow. You must seek it for the sake of seeking it, not to find it. [Willia..."
wild,0.415,0.075,0.50044625,7002.103404240121,692.5865257595774,3c,"finding the end of the rainbow. It is an ideal that is just out of your reach, but because you can i..."
wild,0.415,0.08,0.49978625,6440.671810592629,698.1198402130494,3c,"finding the end of the rainbow. It is an ideal that is just out of your reach, but because you can i..."
wild,0.415,0.085,0.49872875,28074.116796840728,1084.3598759048605,1,the secret to a delicious meal. It comes down to one thing: your ingredients. I have something to te...
wild,0.415,0.09,0.50297375,6287.416975719005,590.7470422535209,1,the secret to a delicious meal — you need to have all the right ingredients in your life to make it ...
wild,0.415,0.095,0.5024749999999999,475606525.9644189,192841.56321839086,1,the secret to a delicious meal — it comes down to how you mix your ingredients and what you choose t...
wild,0.415,0.1,0.5024749999999999,476118532.1015676,192841.56321839086,1,the secret to a delicious meal — it comes down to how you mix your ingredients and what you choose t...
wild,0.42,0.01,0.5081761904761906,375.73777050091894,73.92667794698251,1,"finding the end of the rainbow. Once you get there, the treasure is yours and yours alone...."
wild,0.42,0.015,0.5081761904761906,375.73777050091894,73.92667794698251,1,"finding the end of the rainbow. Once you get there, the treasure is yours and yours alone...."
wild,0.42,0.02,0.5081761904761906,375.73627031457835,73.92667794698251,1,"finding the end of the rainbow. Once you get there, the treasure is yours and yours alone...."
wild,0.42,0.025,0.5081761904761906,377.718185872227,74.21970554926386,1,"finding the end of the rainbow. Once you get there, the treasure is yours and yours alone...."
wild,0.42,0.03,0.5081761904761906,374.27686630218733,73.7602701181767,1,"finding the end of the rainbow. Once you get there, the treasure is yours and yours alone...."
wild,0.42,0.035,0.5081761904761906,368.25262937210255,73.67734682405846,1,"finding the end of the rainbow. Once you get there, the treasure is yours and yours alone...."
wild,0.42,0.04,0.5081761904761906,364.6104822887294,73.06131549609809,1,"finding the end of the rainbow. Once you get there, the treasure is yours and yours alone...."
wild,0.42,0.045,0.5081761904761906,357.62638744898175,72.7773459189339,1,"finding the end of the rainbow. Once you get there, the treasure is yours and yours alone...."
wild,0.42,0.05,0.5081761904761906,360.11338233631375,72.97995545657017,1,"finding the end of the rainbow. Once you get there, the treasure is yours and yours alone...."
wild,0.42,0.055,0.5081761904761906,383.5873321525437,75.15596330275227,1,"finding the end of the rainbow. Once you get there, the treasure is yours and yours alone...."
wild,0.42,0.06,0.5066974999999999,218633.9804727765,3990.7745004757403,1,"finding the end of the rainbow. You must seek it for the sake of seeking it, not to find it. [Willia..."
wild,0.42,0.065,0.5066974999999999,174856.4144886628,3472.1059602649034,1,"finding the end of the rainbow. You must seek it for the sake of seeking it, not to find it. [Willia..."
wild,0.42,0.07,0.50044625,6877.993227562038,685.3437908496732,3c,"finding the end of the rainbow. It is an ideal that is just out of your reach, but because you can i..."
wild,0.42,0.075,0.50044625,7094.157113124445,694.8813783962887,3c,"finding the end of the rainbow. It is an ideal that is just out of your reach, but because you can i..."
wild,0.42,0.08,0.5049175,5751246.293180546,21592.298584298573,1,"finding the end of the rainbow. It is an ideal that is just out of your reach, but because you can i..."
wild,0.42,0.085,0.50297375,6335.677134860044,589.4187745924678,1,the secret to a delicious meal — you need to have all the right ingredients in your life to make it ...
wild,0.42,0.09,0.5024749999999999,465429859.1053419,190650.1818181818,1,the secret to a delicious meal — it comes down to how you mix your ingredients and what you choose t...
wild,0.42,0.095,0.5024749999999999,476563174.45943815,192841.56321839086,1,the secret to a delicious meal — it comes down to how you mix your ingredients and what you choose t...
wild,0.42,0.1,0.50239875,814611982.6950524,254200.2424242426,1,the secret to a delicious meal — it comes down to how you mix your ingredients and what you choose t...
wild,0.425,0.01,0.5081761904761906,375.73777050091894,73.92667794698251,1,"finding the end of the rainbow. Once you get there, the treasure is yours and yours alone...."
wild,0.425,0.015,0.5081761904761906,375.73777050091894,73.92667794698251,1,"finding the end of the rainbow. Once you get there, the treasure is yours and yours alone...."
wild,0.425,0.02,0.5081761904761906,375.9333399816097,73.92667794698251,1,"finding the end of the rainbow. Once you get there, the treasure is yours and yours alone...."
wild,0.425,0.025,0.5081761904761906,374.6319379802286,74.38819523269014,1,"finding the end of the rainbow. Once you get there, the treasure is yours and yours alone...."
wild,0.425,0.03,0.5081761904761906,369.575607494728,73.55331088664423,1,"finding the end of the rainbow. Once you get there, the treasure is yours and yours alone...."
wild,0.425,0.035,0.5081761904761906,371.08486709999744,73.51205832865956,1,"finding the end of the rainbow. Once you get there, the treasure is yours and yours alone...."
wild,0.425,0.04,0.5081761904761906,358.5996067928952,72.49557522123894,1,"finding the end of the rainbow. Once you get there, the treasure is yours and yours alone...."
wild,0.425,0.045,0.5081761904761906,359.4936957570821,72.85825458588106,1,"finding the end of the rainbow. Once you get there, the treasure is yours and yours alone...."
wild,0.425,0.05,0.5081761904761906,376.36202986361127,74.01016374929421,1,"finding the end of the rainbow. Once you get there, the treasure is yours and yours alone...."
wild,0.425,0.055,0.5081761904761906,399.47611915381106,75.67667436489606,1,"finding the end of the rainbow. Once you get there, the treasure is yours and yours alone...."
wild,0.425,0.06,0.5066974999999999,183982.88427100825,3591.013698630137,1,"finding the end of the rainbow. You must seek it for the sake of seeking it, not to find it. [Willia..."
wild,0.425,0.065,0.50044625,6925.373865906089,688.4937623112277,3c,"finding the end of the rainbow. It is an ideal that is just out of your reach, but because you can i..."
wild,0.425,0.07,0.49978625,6369.953074129799,694.42119205298,3c,"finding the end of the rainbow. It is an ideal that is just out of your reach, but because you can i..."
wild,0.425,0.075,0.49872875,27997.86830032158,1079.8928939237896,1,the secret to a delicious meal. It comes down to one thing: your ingredients. I have something to te...
wild,0.425,0.08,0.50297375,6350.881789603811,590.7470422535209,1,the secret to a delicious meal — you need to have all the right ingredients in your life to make it ...
wild,0.425,0.085,0.50297375,6761.935694741956,602.629885057471,1,the secret to a delicious meal — you need to have all the right ingredients in your life to make it ...
wild,0.425,0.09,0.5024749999999999,476653803.8408888,192841.56321839086,1,the secret to a delicious meal — it comes down to how you mix your ingredients and what you choose t...
wild,0.425,0.095,0.50239875,839566424.9509236,258111.0153846153,1,the secret to a delicious meal — it comes down to how you mix your ingredients and what you choose t...
wild,0.425,0.1,0.50239875,840231156.8143429,258111.0153846153,1,the secret to a delicious meal — it comes down to how you mix your ingredients and what you choose t...
wild,0.43,0.01,0.5081761904761906,375.73777050091894,73.92667794698251,1,"finding the end of the rainbow. Once you get there, the treasure is yours and yours alone...."
wild,0.43,0.015,0.5081761904761906,375.73777050091894,73.92667794698251,1,"finding the end of the rainbow. Once you get there, the treasure is yours and yours alone...."
wild,0.43,0.02,0.5081761904761906,376.44104324095076,74.01016374929421,1,"finding the end of the rainbow. Once you get there, the treasure is yours and yours alone...."
wild,0.43,0.025,0.5081761904761906,373.3035476712263,74.09383832673826,1,"finding the end of the rainbow. Once you get there, the treasure is yours and yours alone...."
wild,0.43,0.03,0.5081761904761906,372.0174038695732,74.01016374929421,1,"finding the end of the rainbow. Once you get there, the treasure is yours and yours alone...."
wild,0.43,0.035,0.5081761904761906,365.6810073847954,73.47085201793723,1,"finding the end of the rainbow. Once you get there, the treasure is yours and yours alone...."
wild,0.43,0.04,0.5081761904761906,360.98718448646684,72.49557522123894,1,"finding the end of the rainbow. Once you get there, the treasure is yours and yours alone...."
wild,0.43,0.045,0.5081761904761906,368.2136250775099,73.55331088664423,1,"finding the end of the rainbow. Once you get there, the treasure is yours and yours alone...."
wild,0.43,0.05,0.5081761904761906,392.335763444283,75.32873563218394,1,"finding the end of the rainbow. Once you get there, the treasure is yours and yours alone...."
wild,0.43,0.055,0.5066974999999999,198637.82064399443,3765.084380610412,1,"finding the end of the rainbow. You must seek it for the sake of seeking it, not to find it. [Willia..."
wild,0.43,0.06,0.50044625,6910.795622514852,688.9461235216818,3c,"finding the end of the rainbow. It is an ideal that is just out of your reach, but because you can i..."
wild,0.43,0.065,0.49978625,6363.343764195462,694.42119205298,3c,"finding the end of the rainbow. It is an ideal that is just out of your reach, but because you can i..."
wild,0.43,0.07,0.49872875,27420.40614653026,1084.9208484221417,1,the secret to a delicious meal. It comes down to one thing: your ingredients. I have something to te...
wild,0.43,0.075,0.50297375,6386.9638891878685,590.4144144144143,1,the secret to a delicious meal — you need to have all the right ingredients in your life to make it ...
wild,0.43,0.08,0.50297375,6901.121181925104,611.4145772594754,1,the secret to a delicious meal — you need to have all the right ingredients in your life to make it ...
wild,0.43,0.085,0.50239875,814613750.9467776,254200.2424242426,1,the secret to a delicious meal — it comes down to how you mix your ingredients and what you choose t...
wild,0.43,0.09,0.50239875,840232717.8399438,258111.0153846153,1,the secret to a delicious meal — it comes down to how you mix your ingredients and what you choose t...
wild,0.43,0.095,0.50239875,893760318.5664084,266305.01587301574,1,the secret to a delicious meal — it comes down to how you mix your ingredients and what you choose t...
wild,0.43,0.1,0.49909,570919662.4476275,215092.5128205127,3c,the secret to a delicious meal — it comes down to how you mix your ingredients and what you choose t...
wild,0.435,0.01,0.5081761904761906,375.73777050091894,73.92667794698251,1,"finding the end of the rainbow. Once you get there, the treasure is yours and yours alone...."
wild,0.435,0.015,0.5081761904761906,375.73777050091894,73.92667794698251,1,"finding the end of the rainbow. Once you get there, the treasure is yours and yours alone...."
wild,0.435,0.02,0.5081761904761906,376.64640207039895,74.05197740112993,1,"finding the end of the rainbow. Once you get there, the treasure is yours and yours alone...."
wild,0.435,0.025,0.5081761904761906,374.02509568160605,73.67734682405846,1,"finding the end of the rainbow. Once you get there, the treasure is yours and yours alone...."
wild,0.435,0.03,0.5081761904761906,365.8271877741845,72.93934335002785,1,"finding the end of the rainbow. Once you get there, the treasure is yours and yours alone...."
wild,0.435,0.035,0.5081761904761906,363.0846818851024,72.93934335002785,1,"finding the end of the rainbow. Once you get there, the treasure is yours and yours alone...."
wild,0.435,0.04,0.5081761904761906,361.3416914592074,72.65631929046565,1,"finding the end of the rainbow. Once you get there, the treasure is yours and yours alone...."
wild,0.435,0.045,0.5081761904761906,378.93544058489846,74.05197740112993,1,"finding the end of the rainbow. Once you get there, the treasure is yours and yours alone...."
wild,0.435,0.05,0.5066974999999999,218249.99354385567,3983.194681861346,1,"finding the end of the rainbow. You must seek it for the sake of seeking it, not to find it. [Willia..."
wild,0.435,0.055,0.5066974999999999,166146.08843492303,3350.08306709265,1,"finding the end of the rainbow. You must seek it for the sake of seeking it, not to find it. [Willia..."
wild,0.435,0.06,0.49978625,6348.381536141924,693.5026455026458,3c,"finding the end of the rainbow. It is an ideal that is just out of your reach, but because you can i..."
wild,0.435,0.065,0.49872875,27191.777281906885,1088.298910223145,1,the secret to a delicious meal. It comes down to one thing: your ingredients. I have something to te...
wild,0.435,0.07,0.50297375,6428.702503747564,590.7470422535209,1,the secret to a delicious meal — you need to have all the right ingredients in your life to make it ...
wild,0.435,0.075,0.5024749999999999,487180924.79066885,195083.90697674433,1,the secret to a delicious meal — it comes down to how you mix your ingredients and what you choose t...
wild,0.435,0.08,0.50239875,839566856.3257954,258111.0153846153,1,the secret to a delicious meal — it comes down to how you mix your ingredients and what you choose t...
wild,0.435,0.085,0.50239875,893162367.1533802,266305.01587301574,1,the secret to a delicious meal — it comes down to how you mix your ingredients and what you choose t...
wild,0.435,0.09,0.50239875,922165883.5015103,270600.25806451595,1,the secret to a delicious meal — it comes down to how you mix your ingredients and what you choose t...
wild,0.435,0.095,0.49909,556554092.5593576,212369.82278481,3c,the secret to a delicious meal — it comes down to how you mix your ingredients and what you choose t...
wild,0.435,0.1,0.49909,529401734.9171556,207126.1234567903,3c,the secret to a delicious meal — it comes down to how you mix your ingredients and what you choose t...
wild,0.44,0.01,0.5081761904761906,375.73777050091894,73.92667794698251,1,"finding the end of the rainbow. Once you get there, the treasure is yours and yours alone...."
wild,0.44,0.015,0.5081761904761906,375.73627031457835,73.92667794698251,1,"finding the end of the rainbow. Once you get there, the treasure is yours and yours alone...."
wild,0.44,0.02,0.5081761904761906,378.43221696278135,74.30385487528348,1,"finding the end of the rainbow. Once you get there, the treasure is yours and yours alone...."
wild,0.44,0.025,0.5081761904761906,370.6227294693525,73.67734682405846,1,"finding the end of the rainbow. Once you get there, the treasure is yours and yours alone...."
wild,0.44,0.03,0.5081761904761906,366.27771008648483,73.02061281337046,1,"finding the end of the rainbow. Once you get there, the treasure is yours and yours alone...."
wild,0.44,0.035,0.5081761904761906,364.1621618621508,72.97995545657017,1,"finding the end of the rainbow. Once you get there, the treasure is yours and yours alone...."
wild,0.44,0.04,0.5081761904761906,376.48211796318657,73.30648769574944,1,"finding the end of the rainbow. Once you get there, the treasure is yours and yours alone...."
wild,0.44,0.045,0.5081761904761906,406.9355863234341,75.76416184971099,1,"finding the end of the rainbow. Once you get there, the treasure is yours and yours alone...."
wild,0.44,0.05,0.5066974999999999,177867.84976153588,3506.9431438127103,1,"finding the end of the rainbow. You must seek it for the sake of seeking it, not to find it. [Willia..."
wild,0.44,0.055,0.49978625,6458.972962329428,699.9839786381843,3c,"finding the end of the rainbow. It is an ideal that is just out of your reach, but because you can i..."
wild,0.44,0.06,0.5049175,5507754.155013586,21129.994962216624,1,"finding the end of the rainbow. It is an ideal that is just out of your reach, but because you can i..."
wild,0.44,0.065,0.50297375,6463.00754046902,590.4144144144143,1,the secret to a delicious meal — you need to have all the right ingredients in your life to make it ...
wild,0.44,0.07,0.5024749999999999,498450540.56381977,197379.0117647059,1,the secret to a delicious meal — it comes down to how you mix your ingredients and what you choose t...
wild,0.44,0.075,0.50239875,865693302.4846466,262143.99999999994,1,the secret to a delicious meal — it comes down to how you mix your ingredients and what you choose t...
wild,0.44,0.08,0.50239875,921965406.1142517,270600.25806451595,1,the secret to a delicious meal — it comes down to how you mix your ingredients and what you choose t...
wild,0.44,0.085,0.50239875,1051715006.0093075,289262.3448275861,1,the secret to a delicious meal — it comes down to how you mix your ingredients and what you choose t...
wild,0.44,0.09,0.49909,542722409.5923512,209715.20000000016,3c,the secret to a delicious meal — it comes down to how you mix your ingredients and what you choose t...
wild,0.44,0.095,0.49909,529399822.9160117,207126.1234567903,3c,the secret to a delicious meal — it comes down to how you mix your ingredients and what you choose t...
wild,0.44,0.1,0.49909,516562001.3082687,204600.19512195105,3c,the secret to a delicious meal — it comes down to how you mix your ingredients and what you choose t...
wild,0.445,0.01,0.5081761904761906,375.73777050091894,73.92667794698251,1,"finding the end of the rainbow. Once you get there, the treasure is yours and yours alone...."
wild,0.445,0.015,0.5081761904761906,375.9333399816097,73.92667794698251,1,"finding the end of the rainbow. Once you get there, the treasure is yours and yours alone...."
wild,0.445,0.02,0.5081761904761906,372.0145959044252,73.92667794698251,1,"finding the end of the rainbow. Once you get there, the treasure is yours and yours alone...."
wild,0.445,0.025,0.5081761904761906,371.09814720272084,73.38857782754759,1,"finding the end of the rainbow. Once you get there, the treasure is yours and yours alone...."
wild,0.445,0.03,0.5081761904761906,365.817822523192,73.47085201793723,1,"finding the end of the rainbow. Once you get there, the treasure is yours and yours alone...."
wild,0.445,0.035,0.5081761904761906,371.41273601616257,73.34750979294908,1,"finding the end of the rainbow. Once you get there, the treasure is yours and yours alone...."
wild,0.445,0.04,0.5081761904761906,397.8186194446688,74.81278538812786,1,"finding the end of the rainbow. Once you get there, the treasure is yours and yours alone...."
wild,0.445,0.045,0.5066974999999999,193210.84613308698,3698.680776014111,1,"finding the end of the rainbow. You must seek it for the sake of seeking it, not to find it. [Willia..."
wild,0.445,0.05,0.49978625,6344.561488901393,693.5026455026458,3c,"finding the end of the rainbow. It is an ideal that is just out of your reach, but because you can i..."
wild,0.445,0.055,0.5049175,5521615.100945576,21156.64060529634,1,"finding the end of the rainbow. It is an ideal that is just out of your reach, but because you can i..."
wild,0.445,0.06,0.50297375,6661.856433787677,600.2152261018892,1,the secret to a delicious meal — you need to have all the right ingredients in your life to make it ...
wild,0.445,0.065,0.5024749999999999,521933354.73624885,202135.1325301205,1,the secret to a delicious meal — it comes down to how you mix your ingredients and what you choose t...
wild,0.445,0.07,0.50239875,921571898.6815819,270600.25806451595,1,the secret to a delicious meal — it comes down to how you mix your ingredients and what you choose t...
wild,0.445,0.075,0.50239875,1051292230.943219,289262.3448275861,1,the secret to a delicious meal — it comes down to how you mix your ingredients and what you choose t...
wild,0.445,0.08,0.49909,570917255.802396,215092.5128205127,3c,the secret to a delicious meal — it comes down to how you mix your ingredients and what you choose t...
wild,0.445,0.085,0.49909,529401425.44987833,207126.1234567903,3c,the secret to a delicious meal — it comes down to how you mix your ingredients and what you choose t...
wild,0.445,0.09,0.49909,516562981.93559474,204600.19512195105,3c,the secret to a delicious meal — it comes down to how you mix your ingredients and what you choose t...
wild,0.445,0.095,0.49909,504185865.50276774,202135.1325301205,3c,the secret to a delicious meal — it comes down to how you mix your ingredients and what you choose t...
wild,0.445,0.1,0.49909,492249207.95341396,199728.761904762,3c,the secret to a delicious meal — it comes down to how you mix your ingredients and what you choose t...
wild,0.45,0.01,0.5081761904761906,375.73777050091894,73.92667794698251,1,"finding the end of the rainbow. Once you get there, the treasure is yours and yours alone...."
wild,0.45,0.015,0.5081761904761906,376.3707410625625,74.01016374929421,1,"finding the end of the rainbow. Once you get there, the treasure is yours and yours alone...."
wild,0.45,0.02,0.5081761904761906,372.7222256952912,73.63595505617974,1,"finding the end of the rainbow. Once you get there, the treasure is yours and yours alone...."
wild,0.45,0.025,0.5081761904761906,374.62441582989493,73.30648769574944,1,"finding the end of the rainbow. Once you get there, the treasure is yours and yours alone...."
wild,0.45,0.03,0.5081761904761906,366.6936171755013,72.8177777777778,1,"finding the end of the rainbow. Once you get there, the treasure is yours and yours alone...."
wild,0.45,0.035,0.5081761904761906,381.7328102250433,73.22458100558656,1,"finding the end of the rainbow. Once you get there, the treasure is yours and yours alone...."
wild,0.45,0.04,0.5066974999999999,215103.33362154564,3949.4387947269306,1,"finding the end of the rainbow. You must seek it for the sake of seeking it, not to find it. [Willia..."
wild,0.45,0.045,0.5066974999999999,162163.56864985696,3274.2419984387184,1,"finding the end of the rainbow. You must seek it for the sake of seeking it, not to find it. [Willia..."
wild,0.45,0.05,0.5049175,5521691.746003068,21156.64060529634,1,"finding the end of the rainbow. It is an ideal that is just out of your reach, but because you can i..."
wild,0.45,0.055,0.5024749999999999,497916454.86045283,197379.0117647059,1,the secret to a delicious meal — it comes down to how you mix your ingredients and what you choose t...
wild,0.45,0.06,0.5024749999999999,561025427.1456405,209715.20000000016,1,the secret to a delicious meal — it comes down to how you mix your ingredients and what you choose t...
wild,0.45,0.065,0.50239875,1050680394.7159437,289262.3448275861,1,the secret to a delicious meal — it comes down to how you mix your ingredients and what you choose t...
wild,0.45,0.07,0.50239875,1209881296.9590132,310689.1851851852,1,the secret to a delicious meal — it comes down to how you mix your ingredients and what you choose t...
wild,0.45,0.075,0.49909,542721847.9020048,209715.20000000016,3c,the secret to a delicious meal — it comes down to how you mix your ingredients and what you choose t...
wild,0.45,0.08,0.49909,516564273.9624659,204600.19512195105,3c,the secret to a delicious meal — it comes down to how you mix your ingredients and what you choose t...
wild,0.45,0.085,0.49909,504186838.1125334,202135.1325301205,3c,the secret to a delicious meal — it comes down to how you mix your ingredients and what you choose t...
wild,0.45,0.09,0.49909,480733570.92655766,197379.0117647059,3c,the secret to a delicious meal — it comes down to how you mix your ingredients and what you choose t...
wild,0.45,0.095,0.52135625,469722722.4305523,195083.90697674433,2,the secret to a delicious meal — it comes down to how you mix your ingredients and what you choose t...
wild,0.45,0.1,0.52169,458985544.7424983,192841.56321839086,2,the secret to a delicious meal — it comes down to how you mix your ingredients and what you choose t...
wild,0.455,0.01,0.5081761904761906,375.73777050091894,73.92667794698251,1,"finding the end of the rainbow. Once you get there, the treasure is yours and yours alone...."
wild,0.455,0.015,0.5081761904761906,377.37467908760635,74.13574660633483,1,"finding the end of the rainbow. Once you get there, the treasure is yours and yours alone...."
wild,0.455,0.02,0.5081761904761906,376.9376794747624,73.84338028169016,1,"finding the end of the rainbow. Once you get there, the treasure is yours and yours alone...."
wild,0.455,0.025,0.5081761904761906,366.24920414881797,72.7773459189339,1,"finding the end of the rainbow. Once you get there, the treasure is yours and yours alone...."
wild,0.455,0.03,0.5081761904761906,376.66101584878896,73.14285714285712,1,"finding the end of the rainbow. Once you get there, the treasure is yours and yours alone...."
wild,0.455,0.035,0.5081761904761906,417.4301195181258,74.68490028490028,1,"finding the end of the rainbow. Once you get there, the treasure is yours and yours alone...."
wild,0.455,0.04,0.5066974999999999,171675.10963922896,3410.0032520325217,1,"finding the end of the rainbow. You must seek it for the sake of seeking it, not to find it. [Willia..."
wild,0.455,0.045,0.5049175,5751374.379196336,21592.298584298573,1,"finding the end of the rainbow. It is an ideal that is just out of your reach, but because you can i..."
wild,0.455,0.05,0.50297375,6878.823591988989,601.2477064220183,1,the secret to a delicious meal — you need to have all the right ingredients in your life to make it ...
wild,0.455,0.055,0.5024749999999999,636024010.6998359,223696.21333333346,1,the secret to a delicious meal — it comes down to how you mix your ingredients and what you choose t...
wild,0.455,0.06,0.50239875,1255294540.3507113,316551.2452830188,1,the secret to a delicious meal — it comes down to how you mix your ingredients and what you choose t...
wild,0.455,0.065,0.50239875,1526805031.2770374,349525.33333333355,1,the secret to a delicious meal — it comes down to how you mix your ingredients and what you choose t...
wild,0.455,0.07,0.49909,529400081.89135456,207126.1234567903,3c,the secret to a delicious meal — it comes down to how you mix your ingredients and what you choose t...
wild,0.455,0.075,0.49909,516561319.266479,204600.19512195105,3c,the secret to a delicious meal — it comes down to how you mix your ingredients and what you choose t...
wild,0.455,0.08,0.49909,492249739.5836334,199728.761904762,3c,the secret to a delicious meal — it comes down to how you mix your ingredients and what you choose t...
wild,0.455,0.085,0.49909,469613450.57941544,195083.90697674433,3c,the secret to a delicious meal — it comes down to how you mix your ingredients and what you choose t...
wild,0.455,0.09,0.52169,458985976.30194366,192841.56321839086,2,the secret to a delicious meal — it comes down to how you mix your ingredients and what you choose t...
wild,0.455,0.095,0.5097225,6385.060622227326,648.8712871287131,2,the secret to a delicious meal — it comes down to how you mix in the ingredients. Data from 1.3 mill...
wild,0.455,0.1,0.51325375,6451.294826742612,648.069221260816,2,the secret to a delicious meal — it comes down to how you mix in the ingredients. Data from 1.3 mill...
wild,0.46,0.01,0.5081761904761906,375.73627031457835,73.92667794698251,1,"finding the end of the rainbow. Once you get there, the treasure is yours and yours alone...."
wild,0.46,0.015,0.5081761904761906,379.32700136031997,74.38819523269014,1,"finding the end of the rainbow. Once you get there, the treasure is yours and yours alone...."
wild,0.46,0.02,0.5081761904761906,373.27508071814947,73.38857782754759,1,"finding the end of the rainbow. Once you get there, the treasure is yours and yours alone...."
wild,0.46,0.025,0.5081761904761906,370.43735739604256,72.57585825027682,1,"finding the end of the rainbow. Once you get there, the treasure is yours and yours alone...."
wild,0.46,0.03,0.5081761904761906,403.9601667412141,74.43043725156161,1,"finding the end of the rainbow. Once you get there, the treasure is yours and yours alone...."
wild,0.46,0.035,0.5066974999999999,190205.67898107794,3647.2208695652166,1,"finding the end of the rainbow. You must seek it for the sake of seeking it, not to find it. [Willia..."
wild,0.46,0.04,0.5049175,6140080.821532667,22310.127659574453,1,"finding the end of the rainbow. It is an ideal that is just out of your reach, but because you can i..."
wild,0.46,0.045,0.5024749999999999,619527868.2343313,220752.84210526323,1,the secret to a delicious meal — it comes down to how you mix your ingredients and what you choose t...
wild,0.46,0.05,0.50239875,1302722828.1266506,322638.7692307694,1,the secret to a delicious meal — it comes down to how you mix your ingredients and what you choose t...
wild,0.46,0.055,0.50239875,1660351430.9190407,364722.08695652185,1,the secret to a delicious meal — it comes down to how you mix your ingredients and what you choose t...
wild,0.46,0.06,0.50239875,2085170220.8460705,409200.39024390216,1,the secret to a delicious meal — it comes down to how you mix your ingredients and what you choose t...
wild,0.46,0.065,0.49909,516562386.486211,204600.19512195105,3c,the secret to a delicious meal — it comes down to how you mix your ingredients and what you choose t...
wild,0.46,0.07,0.49909,504184795.2438359,202135.1325301205,3c,the secret to a delicious meal — it comes down to how you mix your ingredients and what you choose t...
wild,0.46,0.075,0.49909,469613333.98957694,195083.90697674433,3c,the secret to a delicious meal — it comes down to how you mix your ingredients and what you choose t...
wild,0.46,0.08,0.49909,458875943.9881166,192841.56321839086,3c,the secret to a delicious meal — it comes down to how you mix your ingredients and what you choose t...
wild,0.46,0.085,0.5097225,6384.40179707893,648.8712871287131,2,the secret to a delicious meal — it comes down to how you mix in the ingredients. Data from 1.3 mill...
wild,0.46,0.09,0.51325375,6301.986523382998,638.2081558125382,2,the secret to a delicious meal — it comes down to how you mix in the ingredients. Data from 1.3 mill...
wild,0.46,0.095,0.53462625,3.7469569322178047,13.170418006430868,2,the secret to a computer algorithm: It all comes down to how you are told to handle inevitable loss ...
wild,0.46,0.1,0.54769875,2.7440697978997326,11.291523087525842,2,the secret to a computer algorithm: It all comes down to Data Data Data Data Data Data Data Data Dat...
wild,0.465,0.01,0.5081761904761906,375.87962603514836,73.92667794698251,1,"finding the end of the rainbow. Once you get there, the treasure is yours and yours alone...."
wild,0.465,0.015,0.5081761904761906,369.7635851885131,73.34750979294908,1,"finding the end of the rainbow. Once you get there, the treasure is yours and yours alone...."
wild,0.465,0.02,0.5081761904761906,375.3074634223675,73.4296918767507,1,"finding the end of the rainbow. Once you get there, the treasure is yours and yours alone...."
wild,0.465,0.025,0.5081761904761906,392.0141247914545,73.55331088664423,1,"finding the end of the rainbow. Once you get there, the treasure is yours and yours alone...."
wild,0.465,0.03,0.5066974999999999,216944.15950036747,3956.8905660377363,1,"finding the end of the rainbow. You must seek it for the sake of seeking it, not to find it. [Willia..."
wild,0.465,0.035,0.504575,7664893.5009435,24928.998514115883,1,"finding the end of the rainbow. It is an ideal that is just out of your reach, but because you can i..."
wild,0.465,0.04,0.5024749999999999,865980860.4699475,262143.99999999994,1,the secret to a delicious meal — it comes down to how you mix your ingredients and what you choose t...
wild,0.465,0.045,0.50239875,1986776548.8988185,399457.5238095241,1,the secret to a delicious meal — it comes down to how you mix your ingredients and what you choose t...
wild,0.465,0.05,0.5037974999999999,24164125.210668813,44267.06068601581,1,the secret to a delicious meal — it comes down to how you mix your ingredients and what you choose t...
wild,0.465,0.055,0.49909,529397381.3206512,207126.1234567903,3c,the secret to a delicious meal — it comes down to how you mix your ingredients and what you choose t...
wild,0.465,0.06,0.49909,504184745.94245464,202135.1325301205,3c,the secret to a delicious meal — it comes down to how you mix your ingredients and what you choose t...
wild,0.465,0.065,0.49909,480730252.733393,197379.0117647059,3c,the secret to a delicious meal — it comes down to how you mix your ingredients and what you choose t...
wild,0.465,0.07,0.49909,458874882.9528055,192841.56321839086,3c,the secret to a delicious meal — it comes down to how you mix your ingredients and what you choose t...
wild,0.465,0.075,0.51125125,6440.416316071441,638.9859841560022,2,the secret to a delicious meal — it comes down to how you mix in the ingredients. Data from 1.3 mill...
wild,0.465,0.08,0.51325375,6317.4845253867115,638.2081558125382,2,the secret to a delicious meal — it comes down to how you mix in the ingredients. Data from 1.3 mill...
wild,0.465,0.085,0.53462625,4.212914777778459,15.04499540863177,2,the secret to a computer algorithm: It all comes down to how you are told to handle inevitable loss ...
wild,0.465,0.09,0.53462625,2.1985414633975577,9.553352769679302,2,the secret to a computer algorithm: It all comes down to how you are told to handle inevitable loss ...
wild,0.465,0.095,0.54769875,1.7484018647427568,8.359183673469389,2,the secret to a computer algorithm: It all comes down to Data Data Data Data Data Data Data Data Dat...
wild,0.465,0.1,0.5589600000000001,1.0335601253132984,7.613382899628253,2,the secret to a computer algorithm Computer Algorithm Computer Algorithm Computer Algorithm Computer...
wild,0.47,0.01,0.5081761904761906,375.89220183383577,73.92667794698251,1,"finding the end of the rainbow. Once you get there, the treasure is yours and yours alone...."
wild,0.47,0.015,0.5081761904761906,377.6551272124971,73.63595505617974,1,"finding the end of the rainbow. Once you get there, the treasure is yours and yours alone...."
wild,0.47,0.02,0.5081761904761906,382.76936929847244,73.18369625907314,1,"finding the end of the rainbow. Once you get there, the treasure is yours and yours alone...."
wild,0.47,0.025,0.5081761904761906,440.6848087985416,74.1777023203169,1,"finding the end of the rainbow. Once you get there, the treasure is yours and yours alone...."
wild,0.47,0.03,0.50729375,14074.025388403254,681.3359324236516,4,"finding the end of the rainbow. You must seek it for the sake of seeking it, not to find it. [Willia..."
wild,0.47,0.035,0.50277125,22470059.02520781,42690.11704834604,3b,the secret to a delicious meal — it comes down to how you mix your ingredients and what you choose t...
wild,0.47,0.04,0.50405875,25324686.463475425,43919.413612565455,1,the secret to a delicious meal — it comes down to how you mix your ingredients and what you choose t...
wild,0.47,0.045,0.503835,25217852.32730261,45221.606469002676,3b,the secret to a delicious meal — it comes down to how you mix your ingredients and what you choose t...
wild,0.47,0.05,0.49909,516558990.2852322,204600.19512195105,3c,the secret to a delicious meal — it comes down to how you mix your ingredients and what you choose t...
wild,0.47,0.055,0.49909,480729452.74478066,197379.0117647059,3c,the secret to a delicious meal — it comes down to how you mix your ingredients and what you choose t...
wild,0.47,0.06,0.49909,469610161.302911,195083.90697674433,3c,the secret to a delicious meal — it comes down to how you mix your ingredients and what you choose t...
wild,0.47,0.065,0.51125125,6647.874511287517,658.6532663316582,2,the secret to a delicious meal — it comes down to how you mix in the ingredients. Data from 1.3 mill...
wild,0.47,0.07,0.51325375,6318.719604084372,637.4322188449847,2,the secret to a delicious meal — it comes down to how you mix in the ingredients. Data from 1.3 mill...
wild,0.47,0.075,0.52973,42.09484342062046,29.925114155251148,4,the secret to a computer algorithm: It all comes down to how you are told to handle inevitable loss ...
wild,0.47,0.08,0.53462625,2.3128364543230924,10.16377171215881,2,the secret to a computer algorithm: It all comes down to how you are told to handle inevitable loss ...
wild,0.47,0.085,0.54769875,1.8641534397081252,9.324985771200913,2,the secret to a computer algorithm: It all comes down to Data Data Data Data Data Data Data Data Dat...
wild,0.47,0.09,0.5589600000000001,1.007089989971158,7.839234449760767,2,the secret to a computer algorithm Computer Algorithm Computer Algorithm Computer Algorithm Computer...
wild,0.47,0.095,0.5589600000000001,0.6381155390082339,6.3015384615384615,2,the secret to a computer algorithm Computer Algorithm Computer Algorithm Computer Algorithm Computer...
wild,0.47,0.1,0.5589600000000001,0.47910021498530214,5.897768178545716,2,the secret to a computer algorithm Computer Algorithm Computer Algorithm Computer Algorithm Computer...
wild,0.475,0.01,0.5081761904761906,378.2283918107868,74.13574660633483,1,"finding the end of the rainbow. Once you get there, the treasure is yours and yours alone...."
wild,0.475,0.015,0.5081761904761906,378.9399143848385,73.2655114589156,1,"finding the end of the rainbow. Once you get there, the treasure is yours and yours alone...."
wild,0.475,0.02,0.5081761904761906,422.20662030216147,73.18369625907314,1,"finding the end of the rainbow. Once you get there, the treasure is yours and yours alone...."
wild,0.475,0.025,0.50729375,13866.412835920764,678.2509702457959,4,"finding the end of the rainbow. You must seek it for the sake of seeking it, not to find it. [Willia..."
wild,0.475,0.03,0.50277125,23907546.349206004,44034.68766404196,3b,the secret to a delicious meal — it comes down to how you mix your ingredients and what you choose t...
wild,0.475,0.035,0.50405875,27283701.318207186,45714.48501362402,1,the secret to a delicious meal — it comes down to how you mix your ingredients and what you choose t...
wild,0.475,0.04,0.5039475,27081809.11641119,46863.731843575435,3b,the secret to a delicious meal — it comes down to how you mix your ingredients and what you choose t...
wild,0.475,0.045,0.49909,492245849.7555386,199728.761904762,3c,the secret to a delicious meal — it comes down to how you mix your ingredients and what you choose t...
wild,0.475,0.05,0.49909,469608857.1362141,195083.90697674433,3c,the secret to a delicious meal — it comes down to how you mix your ingredients and what you choose t...
wild,0.475,0.055,0.51125125,6289.244445184921,638.5968331303291,2,the secret to a delicious meal — it comes down to how you mix in the ingredients. Data from 1.3 mill...
wild,0.475,0.06,0.5149575000000001,138974662060.72955,3355443.199999998,3a,the secret to a computer algorithm: It all comes down to how you are told to handle inevitable loss....
wild,0.475,0.065,0.5295175000000001,99954.18639760764,2849.391304347825,4,the secret to a computer algorithm: It all comes down to how you are told to handle inevitable loss ...
wild,0.475,0.07,0.52973,46.109924385862556,30.854990583804142,4,the secret to a computer algorithm: It all comes down to how you are told to handle inevitable loss ...
wild,0.475,0.075,0.54769875,2.1861652115782535,11.138001359619306,2,the secret to a computer algorithm: It all comes down to Data Data Data Data Data Data Data Data Dat...
wild,0.475,0.08,0.54769875,1.212568292738229,7.123478260869565,2,the secret to a computer algorithm: It all comes down to Data Data Data Data Data Data Data Data Dat...
wild,0.475,0.085,0.5589600000000001,0.5840088002861094,5.8892882818116465,2,the secret to a computer algorithm Computer Algorithm Computer Algorithm Computer Algorithm Computer...
wild,0.475,0.09,0.5589600000000001,0.42385216759345656,5.43236074270557,2,the secret to a computer algorithm Computer Algorithm Computer Algorithm Computer Algorithm Computer...
wild,0.475,0.095,0.5589600000000001,0.3464610905954753,5.2378516624040925,2,the secret to a computer algorithm Computer Algorithm Computer Algorithm Computer Algorithm Computer...
wild,0.475,0.1,0.5589600000000001,0.3028755096777659,5.0693069306930685,2,the secret to a computer algorithm Computer Algorithm Computer Algorithm Computer Algorithm Computer...
wild,0.48,0.01,0.5081761904761906,378.0981874629325,74.30385487528348,1,"finding the end of the rainbow. Once you get there, the treasure is yours and yours alone...."
wild,0.48,0.015,0.5081761904761906,401.77372767813273,72.41546961325967,1,"finding the end of the rainbow. Once you get there, the treasure is yours and yours alone...."
wild,0.48,0.02,0.5081761904761906,560.3612983676619,80.80887792848338,1,"finding the end of the rainbow. Once you get there, the treasure is yours and yours alone...."
wild,0.48,0.025,0.50156,17087.399546425084,1111.3683094859568,3b,the secret to a delicious meal — it comes down to how you mix your ingredients and what you choose t...
wild,0.48,0.03,0.50405875,28733651.699703533,46995.00280112044,1,the secret to a delicious meal — it comes down to how you mix your ingredients and what you choose t...
wild,0.48,0.035,0.50385875,28825446.785541266,48349.32564841495,1,the secret to a delicious meal — it comes down to how you mix your ingredients and what you choose t...
wild,0.48,0.04,0.50819,12021209437.440783,986895.0588235288,3b,the secret to a delicious meal — it comes down to how you mix in the ingredients. Those ingredients ...
wild,0.48,0.045,0.5033125,7178086789.075473,762600.7272727274,2,the secret to a delicious meal — it comes down to how you mix in the ingredients. In the same way th...
wild,0.48,0.05,0.51512125,138976734570.1265,3355443.199999998,3a,the secret to a computer algorithm: It all comes down to how you are told to handle inevitable loss....
wild,0.48,0.055,0.5295175000000001,15668.239020213408,1129.3225632740975,4,the secret to a computer algorithm: It all comes down to how you are told to handle inevitable loss ...
wild,0.48,0.06,0.5295175000000001,72258.77227949069,2423.052570768341,4,the secret to a computer algorithm: It all comes down to how you are told to handle inevitable loss ...
wild,0.48,0.065,0.52973,55.979056623530354,35.753409710856516,4,the secret to a computer algorithm: It all comes down to how you are told to handle inevitable loss ...
wild,0.48,0.07,0.54769875,1.2475961176240513,7.249557522123894,2,the secret to a computer algorithm: It all comes down to Data Data Data Data Data Data Data Data Dat...
wild,0.48,0.075,0.549715,0.6774694814147886,6.095238095238095,2,the secret to a computer algorithm Computer algorithms are computer algorithms Computer algorithms C...
wild,0.48,0.08,0.5589600000000001,0.3832993931281465,5.100871731008717,2,the secret to a computer algorithm Computer Algorithm Computer Algorithm Computer Algorithm Computer...
wild,0.48,0.085,0.5589600000000001,0.31323738943844576,4.9708737864077674,2,the secret to a computer algorithm Computer Algorithm Computer Algorithm Computer Algorithm Computer...
wild,0.48,0.09,0.5589600000000001,0.2701269265122771,4.799062683069713,2,the secret to a computer algorithm Computer Algorithm Computer Algorithm Computer Algorithm Computer...
wild,0.48,0.095,0.5589600000000001,0.2478610946113764,4.71889400921659,2,the secret to a computer algorithm Computer Algorithm Computer Algorithm Computer Algorithm Computer...
wild,0.48,0.1,0.5589600000000001,0.23415980711700848,4.667806267806268,2,the secret to a computer algorithm Computer Algorithm Computer Algorithm Computer Algorithm Computer...
wild,0.485,0.01,0.5081761904761906,394.7834109929959,73.84338028169016,1,"finding the end of the rainbow. Once you get there, the treasure is yours and yours alone...."
wild,0.485,0.015,0.5081761904761906,531.261002668522,75.15596330275227,1,"finding the end of the rainbow. Once you get there, the treasure is yours and yours alone...."
wild,0.485,0.02,0.50798875,3236.3141306603916,414.4569169960473,4,the secret to a delicious meal. It comes down to one thing: your ingredients and how you use them. D...
wild,0.485,0.025,0.503065,30318998.30564036,49344.75294117647,3b,the secret to a delicious meal — it comes down to how you mix your ingredients and what you choose t...
wild,0.485,0.03,0.5124062500000001,12037370468.907362,986895.0588235288,2,the secret to a delicious meal — it comes down to how you mix in the ingredients. Those ingredients ...
wild,0.485,0.035,0.50968875,12020897818.953743,986895.0588235288,3b,the secret to a delicious meal — it comes down to how you mix in the ingredients. Those ingredients ...
wild,0.485,0.04,0.51863875,184.98340898331153,114.17421602787458,4,the secret to a computer algorithm: It all comes down to how you are told to handle inevitable loss....
wild,0.485,0.045,0.5161575,138976586987.5217,3355443.199999998,3b,the secret to a computer algorithm: It all comes down to how you are told to handle inevitable loss....
wild,0.485,0.05,0.5295175000000001,11902.150727508593,984.578403755869,4,the secret to a computer algorithm: It all comes down to how you are told to handle inevitable loss ...
wild,0.485,0.055,0.5295175000000001,51501.369582016036,2046.0019512195115,4,the secret to a computer algorithm: It all comes down to how you are told to handle inevitable loss ...
wild,0.485,0.06,0.546565,4092.740080440611,577.0919097413318,2,"the secret to a computer algorithm: It all comes down to Data, in the words of Data Data Data Data D..."
wild,0.485,0.065,0.549715,0.5476309856675368,6.041297935103245,2,the secret to a computer algorithm Computer algorithms are computer algorithms Computer algorithms C...
wild,0.485,0.07,0.5589600000000001,0.34855589490276556,4.799062683069713,2,the secret to a computer algorithm Computer Algorithm Computer Algorithm Computer Algorithm Computer...
wild,0.485,0.075,0.5589600000000001,0.2730962897129385,4.649262202043133,2,the secret to a computer algorithm Computer Algorithm Computer Algorithm Computer Algorithm Computer...
wild,0.485,0.08,0.5589600000000001,0.24475417198427865,4.623024830699775,2,the secret to a computer algorithm Computer Algorithm Computer Algorithm Computer Algorithm Computer...
wild,0.485,0.085,0.5589600000000001,0.2233075478642085,4.478950246036085,2,the secret to a computer algorithm Computer Algorithm Computer Algorithm Computer Algorithm Computer...
wild,0.485,0.09,0.5589600000000001,0.21685005936070073,4.491228070175438,2,the secret to a computer algorithm Computer Algorithm Computer Algorithm Computer Algorithm Computer...
wild,0.485,0.095,0.5589600000000001,0.21599311148893693,4.528468767274738,2,the secret to a computer algorithm Computer Algorithm Computer Algorithm Computer Algorithm Computer...
wild,0.485,0.1,0.5589600000000001,0.2053912305011257,4.440108401084011,2,the secret to a computer algorithm Computer Algorithm Computer Algorithm Computer Algorithm Computer...
wild,0.49,0.01,0.5081761904761906,504.44964788890366,72.93934335002785,1,"finding the end of the rainbow. Once you get there, the treasure is yours and yours alone...."
wild,0.49,0.015,0.49867,10157.246555780792,802.2769701606735,1,the secret to a delicious meal. It comes down to one thing: your ingredients and how you use them. W...
wild,0.49,0.02,0.504865,13568227190.059973,1048576.0,2,the secret to a delicious meal — it comes down to how you mix in the ingredients. Those ingredients ...
wild,0.49,0.025,0.5124062500000001,12038570340.816265,986895.0588235288,2,the secret to a delicious meal — it comes down to how you mix in the ingredients. Those ingredients ...
wild,0.49,0.03,0.5151825000000001,1675.496502719853,244.99439252336447,3a,the secret to a computer algorithm: It all comes down to how you are told to handle inevitable loss....
wild,0.49,0.035,0.5181812499999999,6198.019669638869,611.7712952158691,4,the secret to a computer algorithm: It all comes down to how you are told to handle inevitable loss....
wild,0.49,0.04,0.52735125,1693564.304998129,11642.759195003477,4,the secret to a computer algorithm: It all comes down to how you are told to handle inevitable loss ...
wild,0.49,0.045,0.5295175000000001,9248.13434799299,868.0264900662249,4,the secret to a computer algorithm: It all comes down to how you are told to handle inevitable loss ...
wild,0.49,0.05,0.5417125,217151815703.81073,4194304.000000001,2,"the secret to a computer algorithm: It all comes down to Data, in the words of a Data scientist Data..."
wild,0.49,0.055,0.54611375,3439.812415597828,462.74315975286834,2,the secret to a computer algorithm Computer algorithms are computer algorithms that have a computer ...
wild,0.49,0.06,0.549715,0.3732258196519009,4.58165548098434,2,the secret to a computer algorithm Computer algorithms are computer algorithms Computer algorithms C...
wild,0.49,0.065,0.5589600000000001,0.25494439504591837,4.488767123287671,2,the secret to a computer algorithm Computer Algorithm Computer Algorithm Computer Algorithm Computer...
wild,0.49,0.07,0.5589600000000001,0.22835071383117805,4.432900432900433,2,the secret to a computer algorithm Computer Algorithm Computer Algorithm Computer Algorithm Computer...
wild,0.49,0.075,0.5589600000000001,0.21579273357020826,4.416172506738545,2,the secret to a computer algorithm Computer Algorithm Computer Algorithm Computer Algorithm Computer...
wild,0.49,0.08,0.5589600000000001,0.20872849706483615,4.404301075268817,2,the secret to a computer algorithm Computer Algorithm Computer Algorithm Computer Algorithm Computer...
wild,0.49,0.085,0.5589600000000001,0.20393998899195737,4.3877878950187466,2,the secret to a computer algorithm Computer Algorithm Computer Algorithm Computer Algorithm Computer...
wild,0.49,0.09,0.5589600000000001,0.20208027643755083,4.371398078975454,2,the secret to a computer algorithm Computer Algorithm Computer Algorithm Computer Algorithm Computer...
wild,0.49,0.095,0.5589600000000001,0.20065116508835282,4.378407268840192,2,the secret to a computer algorithm Computer Algorithm Computer Algorithm Computer Algorithm Computer...
wild,0.49,0.1,0.5589600000000001,0.19234192301079414,4.284518828451883,2,the secret to a computer algorithm Computer Algorithm Computer Algorithm Computer Algorithm Computer...
wild,0.495,0.01,0.51800625,84814.44899569715,2102.408020050125,3b,the secret to a delicious meal. It comes down to one thing: your ingredients and how you use them. W...
wild,0.495,0.015,0.5156025,26604.220018438362,1267.9274486094318,4,"the secret to a delicious meal — Data. Except when it comes to your happiness and well-being, we are..."
wild,0.495,0.02,0.5142962499999999,14882761.071630264,34735.436853002095,3a,"the secret to a computer game. What I mean by that is, in order to be a winner at either one, you ha..."
wild,0.495,0.025,0.5151825000000001,1818.2046164479077,275.36134453781517,3a,the secret to a computer algorithm: It all comes down to how you are told to handle inevitable loss....
wild,0.495,0.03,0.527895,339291.6075632204,5216.796019900497,3b,the secret to a computer algorithm: It all comes down to how you are told to handle inevitable loss....
wild,0.495,0.035,0.5284425,1635302.5600128341,11483.378507871312,4,the secret to a computer algorithm: It all comes down to how you are told to handle inevitable loss ...
wild,0.495,0.04,0.53620625,8684978145.084766,838860.7999999992,4,the secret to a computer algorithm: It all comes down to how you are told to handle inevitable Algor...
wild,0.495,0.045,0.53858125,178.81541350744115,112.12318220701455,2,the secret to a computer algorithm Computer algorithms are computer algorithms that have a set of ru...
wild,0.495,0.05,0.54611375,2997.4421615311758,389.51560178306084,2,the secret to a computer algorithm Computer algorithms are computer algorithms that have a computer ...
wild,0.495,0.055,0.5580937499999999,751.4982130995329,246.37593984962396,2,the secret to a computer algorithm Computer Algorithm Computer Algorithm Computer Algorithm Computer...
wild,0.495,0.06,0.5589600000000001,0.2173556062626522,4.313849394418114,2,the secret to a computer algorithm Computer Algorithm Computer Algorithm Computer Algorithm Computer...
wild,0.495,0.065,0.5589600000000001,0.20883447541290073,4.338983050847458,2,the secret to a computer algorithm Computer Algorithm Computer Algorithm Computer Algorithm Computer...
wild,0.495,0.07,0.5589600000000001,0.20225429813714996,4.320675105485232,2,the secret to a computer algorithm Computer Algorithm Computer Algorithm Computer Algorithm Computer...
wild,0.495,0.075,0.5589600000000001,0.20338009687235797,4.364411294619074,2,the secret to a computer algorithm Computer Algorithm Computer Algorithm Computer Algorithm Computer...
wild,0.495,0.08,0.5589600000000001,0.19901453196177285,4.320675105485232,2,the secret to a computer algorithm Computer Algorithm Computer Algorithm Computer Algorithm Computer...
wild,0.495,0.085,0.5589600000000001,0.20650211136526847,4.409041980624328,2,the secret to a computer algorithm Computer Algorithm Computer Algorithm Computer Algorithm Computer...
wild,0.495,0.09,0.5589600000000001,0.2057990379892968,4.418554476806904,2,the secret to a computer algorithm Computer Algorithm Computer Algorithm Computer Algorithm Computer...
wild,0.495,0.095,0.54510875,3.6451087214242706,18.154016620498613,2,the Data Data Data Data Data Data Data Data Data Data Data Data Data Data Data Data Data Data Data D...
wild,0.495,0.1,0.54510875,3.3722594734706233,17.494927923117995,2,the Data Data Data Data Data Data Data Data Data Data Data Data Data Data Data Data Data Data Data D...
wild,0.5,0.01,0.5150925,14404170.306128288,34169.48268839103,3b,the secret to a computer game. What? Stay with me Computer games are meant to be a challenge. They a...
wild,0.5,0.015,0.51142,8505.463500914784,789.5903614457833,3b,"the secret to a computer game. What I mean by that is, in order to be a winner at either one, you ha..."
wild,0.5,0.02,0.529375,20558450659.51219,1290555.076923078,3b,the secret to a computer algorithm: It all comes down to how you are told to handle inevitable Algor...
wild,0.5,0.025,0.521915,542.1132816058908,191.62573099415204,3b,the secret to a computer algorithm: It all comes down to how you are told to handle inevitable Algor...
wild,0.5,0.03,0.53641625,178438.30867727674,2763.046113306982,4,the secret to a computer algorithm: It all comes down to how you are told to handle inevitable Algor...
wild,0.5,0.035,0.53494375,106.41604674141976,86.23157894736845,3b,the secret to a computer algorithm Computer algorithms are computer algorithms that have a set of ru...
wild,0.5,0.04,0.5389900000000001,388.41946603998804,128.62806673209033,2,the secret to a computer algorithm Computer algorithms are computer algorithms that have a set of ru...
wild,0.5,0.045,0.54611375,2933.0612649086593,371.046001415428,2,the secret to a computer algorithm Computer algorithms are computer algorithms that have a computer ...
wild,0.5,0.05,0.5550437500000001,518264.76630745985,6467.700848111021,2,the secret to a computer algorithm Computer Algorithm Computer programming Computer Algorithm Comput...
wild,0.5,0.055,0.5589600000000001,0.20629367652732383,4.302521008403361,2,the secret to a computer algorithm Computer Algorithm Computer Algorithm Computer Algorithm Computer...
wild,0.5,0.06,0.5589600000000001,0.205570749703858,4.325237592397043,2,the secret to a computer algorithm Computer Algorithm Computer Algorithm Computer Algorithm Computer...
wild,0.5,0.065,0.54510875,3.7155216187464246,18.316377864728896,2,the Data Data Data Data Data Data Data Data Data Data Data Data Data Data Data Data Data Data Data D...
wild,0.5,0.07,0.54510875,3.2946298545068813,17.300950369588172,2,the Data Data Data Data Data Data Data Data Data Data Data Data Data Data Data Data Data Data Data D...
wild,0.5,0.075,0.54510875,3.0682834640999177,16.726901480347117,2,the Data Data Data Data Data Data Data Data Data Data Data Data Data Data Data Data Data Data Data D...
wild,0.5,0.08,0.54510875,2.8545661920534044,16.165762210162804,2,the Data Data Data Data Data Data Data Data Data Data Data Data Data Data Data Data Data Data Data D...
wild,0.5,0.085,0.54510875,2.6698635787083673,15.663479923518164,2,the Data Data Data Data Data Data Data Data Data Data Data Data Data Data Data Data Data Data Data D...
wild,0.5,0.09,0.54510875,2.544356018314682,15.312149532710281,2,the Data Data Data Data Data Data Data Data Data Data Data Data Data Data Data Data Data Data Data D...
wild,0.5,0.095,0.54510875,2.431944980135509,14.989935956084173,2,the Data Data Data Data Data Data Data Data Data Data Data Data Data Data Data Data Data Data Data D...
wild,0.5,0.1,0.54510875,2.3177174332447112,14.654740608228979,2,the Data Data Data Data Data Data Data Data Data Data Data Data Data Data Data Data Data Data Data D...
wild,0.505,0.01,0.52954,10722910712.042278,932067.5555555552,3b,the secret to a computer game. What? Stay with me here for a second Computer games have cheat codes ...
wild,0.505,0.015,0.5256649999999999,20558723556.320183,1290555.076923078,3b,the secret to a computer algorithm: It all comes down to how you are told to handle inevitable Algor...
wild,0.505,0.02,0.5169714285714286,18.973110870372157,16.890721649484536,3b,the secret to a computer algorithm: It all comes down to how you are told to handle Data....
wild,0.505,0.025,0.53644,20558834662.22536,1290555.076923078,2,the secret to a computer algorithm Computer algorithms are computer algorithms that have a lot of me...
wild,0.505,0.03,0.53494375,109.66641288772841,87.73226238286483,3b,the secret to a computer algorithm Computer algorithms are computer algorithms that have a set of ru...
wild,0.505,0.035,0.5408962500000001,3473973768224.155,16777215.999999976,2,the Data Data Data Data Data Data Data Data Data Data Data Data Data Data Data Data Data Data Data D...
wild,0.505,0.04,0.54510875,3.220483788651356,17.1201671891327,2,the Data Data Data Data Data Data Data Data Data Data Data Data Data Data Data Data Data Data Data D...
wild,0.505,0.045,0.54510875,2.79481008528221,16.007816316560824,2,the Data Data Data Data Data Data Data Data Data Data Data Data Data Data Data Data Data Data Data D...
wild,0.505,0.05,0.54510875,2.5433623766579596,15.312149532710281,2,the Data Data Data Data Data Data Data Data Data Data Data Data Data Data Data Data Data Data Data D...
wild,0.505,0.055,0.54510875,2.317196159822976,14.654740608228979,2,the Data Data Data Data Data Data Data Data Data Data Data Data Data Data Data Data Data Data Data D...
wild,0.505,0.06,0.54510875,2.2098290531987828,14.334208223972,2,the Data Data Data Data Data Data Data Data Data Data Data Data Data Data Data Data Data Data Data D...
wild,0.505,0.065,0.54510875,2.1025476542664348,14.003418803418803,2,the Data Data Data Data Data Data Data Data Data Data Data Data Data Data Data Data Data Data Data D...
wild,0.505,0.07,0.54510875,2.0096919951332763,13.710460251046023,2,the Data Data Data Data Data Data Data Data Data Data Data Data Data Data Data Data Data Data Data D...
wild,0.505,0.075,0.54510875,1.9574706769604855,13.540495867768593,2,the Data Data Data Data Data Data Data Data Data Data Data Data Data Data Data Data Data Data Data D...
wild,0.505,0.08,0.54510875,1.9644089880795064,13.56291390728477,2,the Data Data Data Data Data Data Data Data Data Data Data Data Data Data Data Data Data Data Data D...
wild,0.505,0.085,0.54510875,1.8575237128353617,13.21290322580645,2,the Data Data Data Data Data Data Data Data Data Data Data Data Data Data Data Data Data Data Data D...
wild,0.505,0.09,0.54510875,1.8705347204821874,13.255663430420714,2,the Data Data Data Data Data Data Data Data Data Data Data Data Data Data Data Data Data Data Data D...
wild,0.505,0.095,0.54510875,1.825957959797681,13.107200000000002,2,the Data Data Data Data Data Data Data Data Data Data Data Data Data Data Data Data Data Data Data D...
wild,0.505,0.1,0.54510875,1.825957959797681,13.107200000000002,2,the Data Data Data Data Data Data Data Data Data Data Data Data Data Data Data Data Data Data Data D...
wild,0.51,0.01,0.52627875,54724683523.54509,2097152.0,3b,the Data Scientist’s secret to a happy life. The zestful life is Data and the secret to happiness is...
wild,0.51,0.015,0.53042625,196360518.99465573,126144.48120300757,4,"the Data Scientist’s secret to a happy life Data Scientists love Data, and they spend a lot of time ..."
wild,0.51,0.02,0.5386087500000001,372789.75109210314,5035.178871548623,2,"the Data Scientist Algorithm: • Data collection: Data collection • cleaning, Pre Data and Cleaning, ..."
wild,0.51,0.025,0.5367803278688524,716642.3031461406,5915.80253878702,2,the Data Data Data Data Data Data Data Data Data The Data Data  the Data Data Data Like Data Data Li...
wild,0.51,0.03,0.5413712500000001,3476212388298.4326,16777215.999999976,2,the Data Data Data Data Data Data Data Data Data Data Data Data Data Data Data Data Data Data Data D...
wild,0.51,0.035,0.54510875,1.6963214745213668,12.710628394103955,2,the Data Data Data Data Data Data Data Data Data Data Data Data Data Data Data Data Data Data Data D...
wild,0.51,0.04,0.54510875,1.6590432006261768,12.57405986185725,2,the Data Data Data Data Data Data Data Data Data Data Data Data Data Data Data Data Data Data Data D...
wild,0.51,0.045,0.54510875,1.6606085042009766,12.57405986185725,2,the Data Data Data Data Data Data Data Data Data Data Data Data Data Data Data Data Data Data Data D...
wild,0.51,0.05,0.54510875,1.6644602450250592,12.583717357910908,2,the Data Data Data Data Data Data Data Data Data Data Data Data Data Data Data Data Data Data Data D...
wild,0.51,0.055,0.54510875,1.665275721818066,12.583717357910908,2,the Data Data Data Data Data Data Data Data Data Data Data Data Data Data Data Data Data Data Data D...
wild,0.51,0.06,0.54510875,1.6663914021176758,12.583717357910908,2,the Data Data Data Data Data Data Data Data Data Data Data Data Data Data Data Data Data Data Data D...
wild,0.51,0.065,0.54510875,1.6675848950928156,12.583717357910908,2,the Data Data Data Data Data Data Data Data Data Data Data Data Data Data Data Data Data Data Data D...
wild,0.51,0.07,0.54510875,1.6683526531074968,12.583717357910908,2,the Data Data Data Data Data Data Data Data Data Data Data Data Data Data Data Data Data Data Data D...
wild,0.51,0.075,0.54510875,1.6688139289021389,12.583717357910908,2,the Data Data Data Data Data Data Data Data Data Data Data Data Data Data Data Data Data Data Data D...
wild,0.51,0.08,0.54510875,1.6284970843428546,12.440394836750189,2,the Data Data Data Data Data Data Data Data Data Data Data Data Data Data Data Data Data Data Data D...
wild,0.51,0.085,0.54510875,1.62917750038052,12.440394836750189,2,the Data Data Data Data Data Data Data Data Data Data Data Data Data Data Data Data Data Data Data D...
wild,0.51,0.09,0.54510875,1.6295619846981975,12.440394836750189,2,the Data Data Data Data Data Data Data Data Data Data Data Data Data Data Data Data Data Data Data D...
wild,0.51,0.095,0.54510875,1.6300914566739422,12.440394836750189,2,the Data Data Data Data Data Data Data Data Data Data Data Data Data Data Data Data Data Data Data D...
wild,0.51,0.1,0.54510875,1.630468197373671,12.440394836750189,2,the Data Data Data Data Data Data Data Data Data Data Data Data Data Data Data Data Data Data Data D...
wild,0.515,0.01,0.53156,37578941.56081897,55188.2105263158,3b,finding the Data Data Data Data Data Data Secret to a Happy Life Data in the movie The Goonies. The ...
wild,0.515,0.015,0.5249862500000001,740264369.5379221,215092.5128205127,5,the secret to a delicious meal — you need to have all the right ingredients. Data Data Data Data Dat...
wild,0.515,0.02,0.5285437500000001,3474349524866.24,16777215.999999976,2,the secret to a delicious meal — you need to have all the right ingredients in your Data Data Data D...
wild,0.515,0.025,0.54369125,8295445.062868312,25343.226586102726,2,the Data Data Data Data Data Data Data Data Data Data Data Data Data Data Data and Data Data Data an...
wild,0.515,0.03,0.54510875,2.5275699402867624,15.312149532710281,2,the Data Data Data Data Data Data Data Data Data Data Data Data Data Data Data Data Data Data Data D...
wild,0.515,0.035,0.54510875,2.253522624224935,14.51195748449956,2,the Data Data Data Data Data Data Data Data Data Data Data Data Data Data Data Data Data Data Data D...
wild,0.515,0.04,0.54510875,2.0422701278050157,13.861252115059221,2,the Data Data Data Data Data Data Data Data Data Data Data Data Data Data Data Data Data Data Data D...
wild,0.515,0.045,0.54510875,1.9425425905121407,13.540495867768593,2,the Data Data Data Data Data Data Data Data Data Data Data Data Data Data Data Data Data Data Data D...
wild,0.515,0.05,0.54510875,1.9502634391697207,13.56291390728477,2,the Data Data Data Data Data Data Data Data Data Data Data Data Data Data Data Data Data Data Data D...
wild,0.515,0.055,0.54510875,1.857182435922515,13.255663430420714,2,the Data Data Data Data Data Data Data Data Data Data Data Data Data Data Data Data Data Data Data D...
wild,0.515,0.06,0.54510875,1.8136002882276336,13.107200000000002,2,the Data Data Data Data Data Data Data Data Data Data Data Data Data Data Data Data Data Data Data D...
wild,0.515,0.065,0.54510875,1.821021878782327,13.128205128205128,2,the Data Data Data Data Data Data Data Data Data Data Data Data Data Data Data Data Data Data Data D...
wild,0.515,0.07,0.54510875,1.7755338143645676,12.972288202692,2,the Data Data Data Data Data Data Data Data Data Data Data Data Data Data Data Data Data Data Data D...
wild,0.515,0.075,0.54510875,1.7827118596314666,12.992862807295795,2,the Data Data Data Data Data Data Data Data Data Data Data Data Data Data Data Data Data Data Data D...
wild,0.515,0.08,0.54510875,1.7830876664588367,12.992862807295795,2,the Data Data Data Data Data Data Data Data Data Data Data Data Data Data Data Data Data Data Data D...
wild,0.515,0.085,0.54510875,1.6957914651623458,12.69093725793958,2,the Data Data Data Data Data Data Data Data Data Data Data Data Data Data Data Data Data Data Data D...
wild,0.515,0.09,0.54510875,1.696464887801192,12.69093725793958,2,the Data Data Data Data Data Data Data Data Data Data Data Data Data Data Data Data Data Data Data D...
wild,0.515,0.095,0.54510875,1.702773146137078,12.710628394103955,2,the Data Data Data Data Data Data Data Data Data Data Data Data Data Data Data Data Data Data Data D...
wild,0.515,0.1,0.54510875,1.7033349387307617,12.710628394103955,2,the Data Data Data Data Data Data Data Data Data Data Data Data Data Data Data Data Data Data Data D...
wild,0.52,0.01,0.52617375,5139278225.557653,645277.5384615388,2,finding the end of the rainbow. It is an ideal that we all strive for and look for but never quite r...
wild,0.52,0.015,0.5293275000000001,567193.1191513464,6705.521982414068,2,finding the end of the rainbow. It is an ideal that we all strive for and look for but never quite r...
wild,0.52,0.02,0.5308917808219178,71149.88323814473,2288.2182214948184,2,the secret to a delicious meal — you need to have all the right ingredients. Data Data Data Data Dat...
wild,0.52,0.025,0.53381875,3474453874038.6787,16777215.999999976,2,the secret to a delicious meal — you need to have all the right ingredients in your Data Data Data D...
wild,0.52,0.03,0.530715,1107.4966077582253,268.7278318810867,2,the secret to a delicious meal — it comes down to how you mix your ingredients and what you choose t...
wild,0.52,0.035,0.530715,1361.902349098817,300.7963281698221,2,the secret to a delicious meal — it comes down to how you mix your ingredients and what you choose t...
wild,0.52,0.04,0.5589600000000001,1.323740503626259,11.22191780821918,2,the secret to a computer algorithm Computer Algorithm Computer Algorithm Computer Algorithm Computer...
wild,0.52,0.045,0.5589600000000001,0.6315188624601633,7.930300096805423,2,the secret to a computer algorithm Computer Algorithm Computer Algorithm Computer Algorithm Computer...
wild,0.52,0.05,0.54510875,3.910199482065317,18.799770510613886,2,the Data Data Data Data Data Data Data Data Data Data Data Data Data Data Data Data Data Data Data D...
wild,0.52,0.055,0.54510875,3.279900893228633,17.300950369588172,2,the Data Data Data Data Data Data Data Data Data Data Data Data Data Data Data Data Data Data Data D...
wild,0.52,0.06,0.54510875,2.909470393078945,16.351297405189623,2,the Data Data Data Data Data Data Data Data Data Data Data Data Data Data Data Data Data Data Data D...
wild,0.52,0.065,0.54510875,2.639069368458359,15.618684461391801,2,the Data Data Data Data Data Data Data Data Data Data Data Data Data Data Data Data Data Data Data D...
wild,0.52,0.07,0.54510875,2.5302412713144955,15.312149532710281,2,the Data Data Data Data Data Data Data Data Data Data Data Data Data Data Data Data Data Data Data D...
wild,0.52,0.075,0.54510875,2.423131031528299,15.003663003663005,2,the Data Data Data Data Data Data Data Data Data Data Data Data Data Data Data Data Data Data Data D...
wild,0.52,0.08,0.54510875,2.2528569531131892,14.499115044247786,2,the Data Data Data Data Data Data Data Data Data Data Data Data Data Data Data Data Data Data Data D...
wild,0.52,0.085,0.54510875,2.198977469773479,14.334208223972,2,the Data Data Data Data Data Data Data Data Data Data Data Data Data Data Data Data Data Data Data D...
wild,0.52,0.09,0.54510875,2.092270229657346,14.003418803418803,2,the Data Data Data Data Data Data Data Data Data Data Data Data Data Data Data Data Data Data Data D...
wild,0.52,0.095,0.54510875,2.05515297788362,13.884745762711862,2,the Data Data Data Data Data Data Data Data Data Data Data Data Data Data Data Data Data Data Data D...
wild,0.52,0.1,0.54510875,2.00090269249568,13.710460251046023,2,the Data Data Data Data Data Data Data Data Data Data Data Data Data Data Data Data Data Data Data D...
wild,0.525,0.01,0.5038175,19458920251.911903,1198372.5714285716,1,finding the end of the rainbow. It is an ideal that we all strive for and look for but never quite r...
wild,0.525,0.015,0.5148383561643836,19402252318.173008,1198372.5714285716,2,finding the end of the rainbow. It is an ideal that we all strive for and look for but never quite r...
wild,0.525,0.02,0.5177512499999999,17725688863.76714,1198372.5714285716,2,finding the end of the rainbow. It is an ideal that we all strive for and look for but never quite r...
wild,0.525,0.025,0.5041712500000001,4094.5411968302346,528.5161290322583,2,the secret to a delicious meal — you need to have all the right ingredients in your life to make it ...
wild,0.525,0.03,0.5257875000000001,480483.0563569284,6241.52380952381,2,the secret to a delicious meal — you need to have all the right ingredients in your recipe. Here are...
wild,0.525,0.035,0.530715,1011.9338369881331,254.50873786407777,2,the secret to a delicious meal — it comes down to how you mix your ingredients and what you choose t...
wild,0.525,0.04,0.530715,1160.9497812984305,274.92815941269015,2,the secret to a delicious meal — it comes down to how you mix your ingredients and what you choose t...
wild,0.525,0.045,0.530715,1361.8604685536727,300.7963281698221,2,the secret to a delicious meal — it comes down to how you mix your ingredients and what you choose t...
wild,0.525,0.05,0.5589600000000001,1.646603909800686,12.440394836750189,2,the secret to a computer algorithm Computer Algorithm Computer Algorithm Computer Algorithm Computer...
wild,0.525,0.055,0.5589600000000001,0.8745594332426119,9.240834743372815,2,the secret to a computer algorithm Computer Algorithm Computer Algorithm Computer Algorithm Computer...
wild,0.525,0.06,0.5589600000000001,0.5344821083610628,7.353680430879712,2,the secret to a computer algorithm Computer Algorithm Computer Algorithm Computer Algorithm Computer...
wild,0.525,0.065,0.5589600000000001,0.4019915033432572,6.425098039215687,2,the secret to a computer algorithm Computer Algorithm Computer Algorithm Computer Algorithm Computer...
wild,0.525,0.07,0.5589600000000001,0.33236921695428145,5.847251962883655,2,the secret to a computer algorithm Computer Algorithm Computer Algorithm Computer Algorithm Computer...
wild,0.525,0.075,0.54510875,4.017056794331824,19.04009296920395,2,the Data Data Data Data Data Data Data Data Data Data Data Data Data Data Data Data Data Data Data D...
wild,0.525,0.08,0.54510875,3.714887213429743,18.347144456886895,2,the Data Data Data Data Data Data Data Data Data Data Data Data Data Data Data Data Data Data Data D...
wild,0.525,0.085,0.54510875,3.370850420790479,17.522994652406418,2,the Data Data Data Data Data Data Data Data Data Data Data Data Data Data Data Data Data Data Data D...
wild,0.525,0.09,0.54510875,3.128731691093528,16.916881775942176,2,the Data Data Data Data Data Data Data Data Data Data Data Data Data Data Data Data Data Data Data D...
wild,0.525,0.095,0.54510875,2.911150118948166,16.351297405189623,2,the Data Data Data Data Data Data Data Data Data Data Data Data Data Data Data Data Data Data Data D...
wild,0.525,0.1,0.54510875,2.7831334243363126,16.007816316560824,2,the Data Data Data Data Data Data Data Data Data Data Data Data Data Data Data Data Data Data Data D...
wild,0.53,0.01,0.503295,18045098270.493633,1198372.5714285716,1,finding the end of the rainbow. It is an ideal that we all strive for and look for but never quite r...
wild,0.53,0.015,0.503295,18076704405.151207,1198372.5714285716,1,finding the end of the rainbow. It is an ideal that we all strive for and look for but never quite r...
wild,0.53,0.02,0.5038175,19458824613.545803,1198372.5714285716,1,finding the end of the rainbow. It is an ideal that we all strive for and look for but never quite r...
wild,0.53,0.025,0.5180275,17726160806.38163,1198372.5714285716,2,finding the end of the rainbow. It is an ideal that we all strive for and look for but never quite r...
wild,0.53,0.03,0.5041712500000001,4089.5325248271924,528.5161290322583,2,the secret to a delicious meal — you need to have all the right ingredients in your life to make it ...
wild,0.53,0.035,0.49959499999999996,7800411.790437731,25153.24737631184,1,the secret to a delicious meal — you need to have all the right ingredients in your life to make it ...
wild,0.53,0.04,0.530715,980.264762112083,250.85550239234445,2,the secret to a delicious meal — it comes down to how you mix your ingredients and what you choose t...
wild,0.53,0.045,0.530715,1053.5488377465135,260.96963663514197,2,the secret to a delicious meal — it comes down to how you mix your ingredients and what you choose t...
wild,0.53,0.05,0.530715,1206.7211918755133,281.2703862660944,2,the secret to a delicious meal — it comes down to how you mix your ingredients and what you choose t...
wild,0.53,0.055,0.530715,1364.1115671305793,301.1418724870764,2,the secret to a delicious meal — it comes down to how you mix your ingredients and what you choose t...
wild,0.53,0.06,0.5589600000000001,1.8590312127504602,13.15983935742972,2,the secret to a computer algorithm Computer Algorithm Computer Algorithm Computer Algorithm Computer...
wild,0.53,0.065,0.5589600000000001,1.0410163844031168,10.026927784577724,2,the secret to a computer algorithm Computer Algorithm Computer Algorithm Computer Algorithm Computer...
wild,0.53,0.07,0.5589600000000001,0.6802266396829315,8.212531328320802,2,the secret to a computer algorithm Computer Algorithm Computer Algorithm Computer Algorithm Computer...
wild,0.53,0.075,0.5589600000000001,0.4870437130680688,7.037800687285223,2,the secret to a computer algorithm Computer Algorithm Computer Algorithm Computer Algorithm Computer...
wild,0.53,0.08,0.5589600000000001,0.40491277879699855,6.445318646734855,2,the secret to a computer algorithm Computer Algorithm Computer Algorithm Computer Algorithm Computer...
wild,0.53,0.085,0.5589600000000001,0.3360991551755056,5.897768178545716,2,the secret to a computer algorithm Computer Algorithm Computer Algorithm Computer Algorithm Computer...
wild,0.53,0.09,0.5589600000000001,0.29008544771697464,5.494299128101945,2,the secret to a computer algorithm Computer Algorithm Computer Algorithm Computer Algorithm Computer...
wild,0.53,0.095,0.5589600000000001,0.2701089473227473,5.291989664082687,2,the secret to a computer algorithm Computer Algorithm Computer Algorithm Computer Algorithm Computer...
wild,0.53,0.1,0.5589600000000001,0.24395257811703078,5.0288520564763655,2,the secret to a computer algorithm Computer Algorithm Computer Algorithm Computer Algorithm Computer...
wild,0.535,0.01,0.503295,18094293013.586918,1198372.5714285716,1,finding the end of the rainbow. It is an ideal that we all strive for and look for but never quite r...
wild,0.535,0.015,0.503295,18045098083.395218,1198372.5714285716,1,finding the end of the rainbow. It is an ideal that we all strive for and look for but never quite r...
wild,0.535,0.02,0.503295,18030688978.996147,1198372.5714285716,1,finding the end of the rainbow. It is an ideal that we all strive for and look for but never quite r...
wild,0.535,0.025,0.5038175,18216512670.04976,1198372.5714285716,1,finding the end of the rainbow. It is an ideal that we all strive for and look for but never quite r...
wild,0.535,0.03,0.5038175,19458757155.63761,1198372.5714285716,1,finding the end of the rainbow. It is an ideal that we all strive for and look for but never quite r...
wild,0.535,0.035,0.5041712500000001,3994.2858380324165,520.6434955312812,2,the secret to a delicious meal — you need to have all the right ingredients in your life to make it ...
wild,0.535,0.04,0.50955375,5986.046819360566,548.4184100418412,2,the secret to a delicious meal — you need to have all the right ingredients in your life to make it ...
wild,0.535,0.045,0.530715,898.9965619004597,238.96444849589793,2,the secret to a delicious meal — it comes down to how you mix your ingredients and what you choose t...
wild,0.535,0.05,0.530715,1007.2461197957189,253.76960309777343,2,the secret to a delicious meal — it comes down to how you mix your ingredients and what you choose t...
wild,0.535,0.055,0.530715,1105.610819898063,267.49387755102043,2,the secret to a delicious meal — it comes down to how you mix your ingredients and what you choose t...
wild,0.535,0.06,0.530715,1224.287408877622,283.55219037317465,2,the secret to a delicious meal — it comes down to how you mix your ingredients and what you choose t...
wild,0.535,0.065,0.530715,1364.1254434566972,301.1418724870764,2,the secret to a delicious meal — it comes down to how you mix your ingredients and what you choose t...
wild,0.535,0.07,0.530715,1478.920808800115,315.2663860493084,2,the secret to a delicious meal — it comes down to how you mix your ingredients and what you choose t...
wild,0.535,0.075,0.5589600000000001,1.258880677908457,10.959197324414713,2,the secret to a computer algorithm Computer Algorithm Computer Algorithm Computer Algorithm Computer...
wild,0.535,0.08,0.5589600000000001,0.8045036685462377,8.889853499728703,2,the secret to a computer algorithm Computer Algorithm Computer Algorithm Computer Algorithm Computer...
wild,0.535,0.085,0.5589600000000001,0.6103138677560204,7.801904761904761,2,the secret to a computer algorithm Computer Algorithm Computer Algorithm Computer Algorithm Computer...
wild,0.535,0.09,0.5589600000000001,0.4750540501160918,6.9364944961896695,2,the secret to a computer algorithm Computer Algorithm Computer Algorithm Computer Algorithm Computer...
wild,0.535,0.095,0.5589600000000001,0.39569688798779695,6.38006230529595,2,the secret to a computer algorithm Computer Algorithm Computer Algorithm Computer Algorithm Computer...
wild,0.535,0.1,0.5589600000000001,0.33329242669233616,5.872401433691755,2,the secret to a computer algorithm Computer Algorithm Computer Algorithm Computer Algorithm Computer...
wild,0.54,0.01,0.503295,18094293014.317863,1198372.5714285716,1,finding the end of the rainbow. It is an ideal that we all strive for and look for but never quite r...
wild,0.54,0.015,0.503295,18094293013.83082,1198372.5714285716,1,finding the end of the rainbow. It is an ideal that we all strive for and look for but never quite r...
wild,0.54,0.02,0.503295,18045096475.689835,1198372.5714285716,1,finding the end of the rainbow. It is an ideal that we all strive for and look for but never quite r...
wild,0.54,0.025,0.503295,18023860202.88837,1198372.5714285716,1,finding the end of the rainbow. It is an ideal that we all strive for and look for but never quite r...
wild,0.54,0.03,0.503295,18076654420.42053,1198372.5714285716,1,finding the end of the rainbow. It is an ideal that we all strive for and look for but never quite r...
wild,0.54,0.035,0.5038175,18345233935.95489,1198372.5714285716,1,finding the end of the rainbow. It is an ideal that we all strive for and look for but never quite r...
wild,0.54,0.04,0.5041712500000001,4003.739870803353,521.420188960716,2,the secret to a delicious meal — you need to have all the right ingredients in your life to make it ...
wild,0.54,0.045,0.50955375,6053.877657977609,552.4636459430978,2,the secret to a delicious meal — you need to have all the right ingredients in your life to make it ...
wild,0.54,0.05,0.530715,889.4777327143711,237.44927536231884,2,the secret to a delicious meal — it comes down to how you mix your ingredients and what you choose t...
wild,0.54,0.055,0.530715,979.881956170628,251.3365292425694,2,the secret to a delicious meal — it comes down to how you mix your ingredients and what you choose t...
wild,0.54,0.06,0.530715,1048.1451247809478,259.4200890648193,2,the secret to a delicious meal — it comes down to how you mix your ingredients and what you choose t...
wild,0.54,0.065,0.530715,1145.1551772184587,272.35740259740265,2,the secret to a delicious meal — it comes down to how you mix your ingredients and what you choose t...
wild,0.54,0.07,0.530715,1233.3578855908447,284.7843563280824,2,the secret to a delicious meal — it comes down to how you mix your ingredients and what you choose t...
wild,0.54,0.075,0.530715,1363.7420305139162,301.1418724870764,2,the secret to a delicious meal — it comes down to how you mix your ingredients and what you choose t...
wild,0.54,0.08,0.530715,1468.1503806401445,313.9449101796408,2,the secret to a delicious meal — it comes down to how you mix your ingredients and what you choose t...
wild,0.54,0.085,0.5589600000000001,1.4386986220354587,11.652916073968706,2,the secret to a computer algorithm Computer Algorithm Computer Algorithm Computer Algorithm Computer...
wild,0.54,0.09,0.5589600000000001,0.9662367546636943,9.677495569994095,2,the secret to a computer algorithm Computer Algorithm Computer Algorithm Computer Algorithm Computer...
wild,0.54,0.095,0.5589600000000001,0.6960491204956312,8.304105423213379,2,the secret to a computer algorithm Computer Algorithm Computer Algorithm Computer Algorithm Computer...
wild,0.54,0.1,0.5589600000000001,0.5386478054967238,7.353680430879712,2,the secret to a computer algorithm Computer Algorithm Computer Algorithm Computer Algorithm Computer...
wild,0.545,0.01,0.503295,18094293014.317863,1198372.5714285716,1,finding the end of the rainbow. It is an ideal that we all strive for and look for but never quite r...
wild,0.545,0.015,0.503295,18094293014.317863,1198372.5714285716,1,finding the end of the rainbow. It is an ideal that we all strive for and look for but never quite r...
wild,0.545,0.02,0.503295,18094293013.34275,1198372.5714285716,1,finding the end of the rainbow. It is an ideal that we all strive for and look for but never quite r...
wild,0.545,0.025,0.503295,18045089728.65298,1198372.5714285716,1,finding the end of the rainbow. It is an ideal that we all strive for and look for but never quite r...
wild,0.545,0.03,0.503295,18023861415.526745,1198372.5714285716,1,finding the end of the rainbow. It is an ideal that we all strive for and look for but never quite r...
wild,0.545,0.035,0.503295,18044991847.962708,1198372.5714285716,1,finding the end of the rainbow. It is an ideal that we all strive for and look for but never quite r...
wild,0.545,0.04,0.50048625,8038.250268476145,672.1641025641023,1,"finding the end of the rainbow. It is an ideal that is just out of your reach, but because you can i..."
wild,0.545,0.045,0.5041712500000001,4142.880680778806,532.002029426687,2,the secret to a delicious meal — you need to have all the right ingredients in your life to make it ...
wild,0.545,0.05,0.50955375,5992.5111943663105,548.4184100418412,2,the secret to a delicious meal — you need to have all the right ingredients in your life to make it ...
wild,0.545,0.055,0.52061125,2066598779.355098,409200.39024390216,2,the secret to a delicious meal — you need to have all the right ingredients in your life to make it ...
wild,0.545,0.06,0.530715,940.3403742643701,244.08193668528872,2,the secret to a delicious meal — it comes down to how you mix your ingredients and what you choose t...
wild,0.545,0.065,0.530715,1005.1167000099015,253.5241779497098,2,the secret to a delicious meal — it comes down to how you mix your ingredients and what you choose t...
wild,0.545,0.07,0.530715,1088.4813097921724,265.46227848101256,2,the secret to a delicious meal — it comes down to how you mix your ingredients and what you choose t...
wild,0.545,0.075,0.530715,1155.0244937377088,274.20920502092054,2,the secret to a delicious meal — it comes down to how you mix your ingredients and what you choose t...
wild,0.545,0.08,0.530715,1245.993293375197,286.49617486338803,2,the secret to a delicious meal — it comes down to how you mix your ingredients and what you choose t...
wild,0.545,0.085,0.530715,1364.1555176889058,301.1418724870764,2,the secret to a delicious meal — it comes down to how you mix your ingredients and what you choose t...
wild,0.545,0.09,0.530715,1452.5531364864105,312.44815256257453,2,the secret to a delicious meal — it comes down to how you mix your ingredients and what you choose t...
wild,0.545,0.095,0.5589600000000001,1.6092107276839183,12.281859070464769,2,the secret to a computer algorithm Computer Algorithm Computer Algorithm Computer Algorithm Computer...
wild,0.545,0.1,0.5589600000000001,1.1016771697995134,10.284996861268048,2,the secret to a computer algorithm Computer Algorithm Computer Algorithm Computer Algorithm Computer...
wild,0.55,0.01,0.503295,18094293014.317863,1198372.5714285716,1,finding the end of the rainbow. It is an ideal that we all strive for and look for but never quite r...
wild,0.55,0.015,0.503295,18094293014.317863,1198372.5714285716,1,finding the end of the rainbow. It is an ideal that we all strive for and look for but never quite r...
wild,0.55,0.02,0.503295,18094293014.317863,1198372.5714285716,1,finding the end of the rainbow. It is an ideal that we all strive for and look for but never quite r...
wild,0.55,0.025,0.503295,18094293013.34275,1198372.5714285716,1,finding the end of the rainbow. It is an ideal that we all strive for and look for but never quite r...
wild,0.55,0.03,0.503295,18045085936.89547,1198372.5714285716,1,finding the end of the rainbow. It is an ideal that we all strive for and look for but never quite r...
wild,0.55,0.035,0.503295,18023862324.177803,1198372.5714285716,1,finding the end of the rainbow. It is an ideal that we all strive for and look for but never quite r...
wild,0.55,0.04,0.503295,18030653498.782948,1198372.5714285716,1,finding the end of the rainbow. It is an ideal that we all strive for and look for but never quite r...
wild,0.55,0.045,0.50048625,8035.917920353173,672.1641025641023,1,"finding the end of the rainbow. It is an ideal that is just out of your reach, but because you can i..."
wild,0.55,0.05,0.5041712500000001,4167.753728128352,533.89816700611,2,the secret to a delicious meal — you need to have all the right ingredients in your life to make it ...
wild,0.55,0.055,0.50776875,5982.163137890404,548.7053898482469,2,the secret to a delicious meal — you need to have all the right ingredients in your life to make it ...
wild,0.55,0.06,0.50241125,1011437942.0397495,284359.59322033875,1,the secret to a delicious meal — it comes down to how you mix your ingredients and what you choose t...
wild,0.55,0.065,0.5226200000000001,601483421.9528984,220752.84210526323,2,the secret to a delicious meal — it comes down to how you mix your ingredients and what you choose t...
wild,0.55,0.07,0.530715,989.020782393088,251.3365292425694,2,the secret to a delicious meal — it comes down to how you mix your ingredients and what you choose t...
wild,0.55,0.075,0.530715,1039.127918246935,258.3972400197141,2,the secret to a delicious meal — it comes down to how you mix your ingredients and what you choose t...
wild,0.55,0.08,0.530715,1104.6132477739222,267.22120285423046,2,the secret to a delicious meal — it comes down to how you mix your ingredients and what you choose t...
wild,0.55,0.085,0.530715,1166.4297653682731,275.65089379600414,2,the secret to a delicious meal — it comes down to how you mix your ingredients and what you choose t...
wild,0.55,0.09,0.530715,1254.2205780604406,287.2810958904109,2,the secret to a delicious meal — it comes down to how you mix your ingredients and what you choose t...
wild,0.55,0.095,0.530715,1364.3946274244993,301.1418724870764,2,the secret to a delicious meal — it comes down to how you mix your ingredients and what you choose t...
wild,0.55,0.1,0.530715,1438.6682245121406,310.7812685240071,2,the secret to a delicious meal — it comes down to how you mix your ingredients and what you choose t...
wild,0.555,0.01,0.503295,18094293014.317863,1198372.5714285716,1,finding the end of the rainbow. It is an ideal that we all strive for and look for but never quite r...
wild,0.555,0.015,0.503295,18094293014.317863,1198372.5714285716,1,finding the end of the rainbow. It is an ideal that we all strive for and look for but never quite r...
wild,0.555,0.02,0.503295,18094293014.317863,1198372.5714285716,1,finding the end of the rainbow. It is an ideal that we all strive for and look for but never quite r...
wild,0.555,0.025,0.503295,18094293014.317863,1198372.5714285716,1,finding the end of the rainbow. It is an ideal that we all strive for and look for but never quite r...
wild,0.555,0.03,0.503295,18085384890.852943,1198372.5714285716,1,finding the end of the rainbow. It is an ideal that we all strive for and look for but never quite r...
wild,0.555,0.035,0.503295,18045081694.36718,1198372.5714285716,1,finding the end of the rainbow. It is an ideal that we all strive for and look for but never quite r...
wild,0.555,0.04,0.503295,18030699620.85584,1198372.5714285716,1,finding the end of the rainbow. It is an ideal that we all strive for and look for but never quite r...
wild,0.555,0.045,0.503295,18030660902.18526,1198372.5714285716,1,finding the end of the rainbow. It is an ideal that we all strive for and look for but never quite r...
wild,0.555,0.05,0.49990125,16433.199686304222,837.520766773163,1,"finding the end of the rainbow. It is an ideal that is just out of your reach, but because you can i..."
wild,0.555,0.055,0.5041712500000001,4113.93570634407,531.7322515212982,2,the secret to a delicious meal — you need to have all the right ingredients in your life to make it ...
wild,0.555,0.06,0.50776875,6018.199314994427,548.7053898482469,2,the secret to a delicious meal — you need to have all the right ingredients in your life to make it ...
wild,0.555,0.065,0.5026412499999999,6079.024476049083,594.4308390022675,1,the secret to a delicious meal — you need to have all the right ingredients in your life to make it ...
wild,0.555,0.07,0.52206625,617628403.9033921,223696.21333333346,2,the secret to a delicious meal — it comes down to how you mix your ingredients and what you choose t...
wild,0.555,0.075,0.5226200000000001,585960897.435728,217885.9220779221,2,the secret to a delicious meal — it comes down to how you mix your ingredients and what you choose t...
wild,0.555,0.08,0.530715,999.2508778495206,253.2792270531401,2,the secret to a delicious meal — it comes down to how you mix your ingredients and what you choose t...
wild,0.555,0.085,0.530715,1054.1473753689952,260.4510680576255,2,the secret to a delicious meal — it comes down to how you mix your ingredients and what you choose t...
wild,0.555,0.09,0.530715,1116.0940010306842,268.8656410256409,2,the secret to a delicious meal — it comes down to how you mix your ingredients and what you choose t...
wild,0.555,0.095,0.530715,1205.779345706352,280.9689174705251,2,the secret to a delicious meal — it comes down to how you mix your ingredients and what you choose t...
wild,0.555,0.1,0.530715,1262.418928108717,288.22869708631123,2,the secret to a delicious meal — it comes down to how you mix your ingredients and what you choose t...
wild,0.56,0.01,0.503295,18094293014.317863,1198372.5714285716,1,finding the end of the rainbow. It is an ideal that we all strive for and look for but never quite r...
wild,0.56,0.015,0.503295,18094293014.317863,1198372.5714285716,1,finding the end of the rainbow. It is an ideal that we all strive for and look for but never quite r...
wild,0.56,0.02,0.503295,18094293014.317863,1198372.5714285716,1,finding the end of the rainbow. It is an ideal that we all strive for and look for but never quite r...
wild,0.56,0.025,0.503295,18094293014.317863,1198372.5714285716,1,finding the end of the rainbow. It is an ideal that we all strive for and look for but never quite r...
wild,0.56,0.03,0.503295,18094293013.83082,1198372.5714285716,1,finding the end of the rainbow. It is an ideal that we all strive for and look for but never quite r...
wild,0.56,0.035,0.503295,18076777193.84696,1198372.5714285716,1,finding the end of the rainbow. It is an ideal that we all strive for and look for but never quite r...
wild,0.56,0.04,0.503295,18045080536.264553,1198372.5714285716,1,finding the end of the rainbow. It is an ideal that we all strive for and look for but never quite r...
wild,0.56,0.045,0.503295,18030701808.180332,1198372.5714285716,1,finding the end of the rainbow. It is an ideal that we all strive for and look for but never quite r...
wild,0.56,0.05,0.503295,18030664839.28727,1198372.5714285716,1,finding the end of the rainbow. It is an ideal that we all strive for and look for but never quite r...
wild,0.56,0.055,0.49990125,16213.022323792404,825.0007867820613,1,"finding the end of the rainbow. It is an ideal that is just out of your reach, but because you can i..."
wild,0.56,0.06,0.5041712500000001,4121.162025543213,532.272081218274,2,the secret to a delicious meal — you need to have all the right ingredients in your life to make it ...
wild,0.56,0.065,0.5054187499999999,6051.962657774118,548.9926701570679,3b,the secret to a delicious meal — you need to have all the right ingredients in your life to make it ...
wild,0.56,0.07,0.5026412499999999,6131.672324639754,599.1862857142859,1,the secret to a delicious meal — you need to have all the right ingredients in your life to make it ...
wild,0.56,0.075,0.49934875000000006,3443.634511399975,345.38076416337293,1,the secret to a delicious meal — it comes down to how you mix your ingredients and what you choose t...
wild,0.56,0.08,0.52206625,601481028.8153417,220752.84210526323,2,the secret to a delicious meal — it comes down to how you mix your ingredients and what you choose t...
wild,0.56,0.085,0.5226200000000001,556665803.1287514,212369.82278481,2,the secret to a delicious meal — it comes down to how you mix your ingredients and what you choose t...
wild,0.56,0.09,0.530715,1036.0757862298576,257.8888342351204,2,the secret to a delicious meal — it comes down to how you mix your ingredients and what you choose t...
wild,0.56,0.095,0.530715,1093.3960860009545,265.5967578520771,2,the secret to a delicious meal — it comes down to how you mix your ingredients and what you choose t...
wild,0.56,0.1,0.530715,1143.0408170459468,272.640665626625,2,the secret to a delicious meal — it comes down to how you mix your ingredients and what you choose t...
wild,0.565,0.01,0.503295,18094293014.317863,1198372.5714285716,1,finding the end of the rainbow. It is an ideal that we all strive for and look for but never quite r...
wild,0.565,0.015,0.503295,18094293014.317863,1198372.5714285716,1,finding the end of the rainbow. It is an ideal that we all strive for and look for but never quite r...
wild,0.565,0.02,0.503295,18094293014.317863,1198372.5714285716,1,finding the end of the rainbow. It is an ideal that we all strive for and look for but never quite r...
wild,0.565,0.025,0.503295,18094293014.317863,1198372.5714285716,1,finding the end of the rainbow. It is an ideal that we all strive for and look for but never quite r...
wild,0.565,0.03,0.503295,18094293014.317863,1198372.5714285716,1,finding the end of the rainbow. It is an ideal that we all strive for and look for but never quite r...
wild,0.565,0.035,0.503295,18094293014.07447,1198372.5714285716,1,finding the end of the rainbow. It is an ideal that we all strive for and look for but never quite r...
wild,0.565,0.04,0.503295,18076777149.680122,1198372.5714285716,1,finding the end of the rainbow. It is an ideal that we all strive for and look for but never quite r...
wild,0.565,0.045,0.503295,18045078017.000343,1198372.5714285716,1,finding the end of the rainbow. It is an ideal that we all strive for and look for but never quite r...
wild,0.565,0.05,0.503295,18030700096.07353,1198372.5714285716,1,finding the end of the rainbow. It is an ideal that we all strive for and look for but never quite r...
wild,0.565,0.055,0.503295,18023833744.047234,1198372.5714285716,1,finding the end of the rainbow. It is an ideal that we all strive for and look for but never quite r...
wild,0.565,0.06,0.49990125,16348.568948356737,823.0580847723705,1,"finding the end of the rainbow. It is an ideal that is just out of your reach, but because you can i..."
wild,0.565,0.065,0.5041712500000001,4222.7100979795305,540.2246264811954,2,the secret to a delicious meal — you need to have all the right ingredients in your life to make it ...
wild,0.565,0.07,0.5002425,7618.237454488978,551.0120861797164,3c,the secret to a delicious meal — you need to have all the right ingredients in your life to make it ...
wild,0.565,0.075,0.5026412499999999,5990.530509275638,591.0800450958287,1,the secret to a delicious meal — you need to have all the right ingredients in your life to make it ...
wild,0.565,0.08,0.49934875000000006,3420.3811532261125,345.38076416337293,1,the secret to a delicious meal — it comes down to how you mix your ingredients and what you choose t...
wild,0.565,0.085,0.52206625,585959376.4917424,217885.9220779221,2,the secret to a delicious meal — it comes down to how you mix your ingredients and what you choose t...
wild,0.565,0.09,0.52206625,571029255.9804851,215092.5128205127,2,the secret to a delicious meal — it comes down to how you mix your ingredients and what you choose t...
wild,0.565,0.095,0.5226200000000001,556665812.5079108,212369.82278481,2,the secret to a delicious meal — it comes down to how you mix your ingredients and what you choose t...
wild,0.565,0.1,0.530715,1048.7511543671667,259.5485148514852,2,the secret to a delicious meal — it comes down to how you mix your ingredients and what you choose t...
wild,0.57,0.01,0.503295,18094293014.317863,1198372.5714285716,1,finding the end of the rainbow. It is an ideal that we all strive for and look for but never quite r...
wild,0.57,0.015,0.503295,18094293014.317863,1198372.5714285716,1,finding the end of the rainbow. It is an ideal that we all strive for and look for but never quite r...
wild,0.57,0.02,0.503295,18094293014.317863,1198372.5714285716,1,finding the end of the rainbow. It is an ideal that we all strive for and look for but never quite r...
wild,0.57,0.025,0.503295,18094293014.317863,1198372.5714285716,1,finding the end of the rainbow. It is an ideal that we all strive for and look for but never quite r...
wild,0.57,0.03,0.503295,18094293014.317863,1198372.5714285716,1,finding the end of the rainbow. It is an ideal that we all strive for and look for but never quite r...
wild,0.57,0.035,0.503295,18094293014.317863,1198372.5714285716,1,finding the end of the rainbow. It is an ideal that we all strive for and look for but never quite r...
wild,0.57,0.04,0.503295,18094293014.561005,1198372.5714285716,1,finding the end of the rainbow. It is an ideal that we all strive for and look for but never quite r...
wild,0.57,0.045,0.503295,18068456757.72981,1198372.5714285716,1,finding the end of the rainbow. It is an ideal that we all strive for and look for but never quite r...
wild,0.57,0.05,0.503295,18045077797.404594,1198372.5714285716,1,finding the end of the rainbow. It is an ideal that we all strive for and look for but never quite r...
wild,0.57,0.055,0.503295,18030700760.349903,1198372.5714285716,1,finding the end of the rainbow. It is an ideal that we all strive for and look for but never quite r...
wild,0.57,0.06,0.503295,18023834337.995186,1198372.5714285716,1,finding the end of the rainbow. It is an ideal that we all strive for and look for but never quite r...
wild,0.57,0.065,0.49990125,16113.345467860287,816.6479750778815,1,"finding the end of the rainbow. It is an ideal that is just out of your reach, but because you can i..."
wild,0.57,0.07,0.5041712500000001,4184.182135224039,537.1803278688526,2,the secret to a delicious meal — you need to have all the right ingredients in your life to make it ...
wild,0.57,0.075,0.5002425,7510.76355546517,543.585277345775,3c,the secret to a delicious meal — you need to have all the right ingredients in your life to make it ...
wild,0.57,0.08,0.5026412499999999,5970.877882662277,591.0800450958287,1,the secret to a delicious meal — you need to have all the right ingredients in your life to make it ...
wild,0.57,0.085,0.49934875000000006,3333.6310214518658,335.6517285531369,1,the secret to a delicious meal — it comes down to how you mix your ingredients and what you choose t...
wild,0.57,0.09,0.52206625,617628955.4016063,223696.21333333346,2,the secret to a delicious meal — it comes down to how you mix your ingredients and what you choose t...
wild,0.57,0.095,0.52206625,585959182.3339022,217885.9220779221,2,the secret to a delicious meal — it comes down to how you mix your ingredients and what you choose t...
wild,0.57,0.1,0.52206625,556663477.4717454,212369.82278481,2,the secret to a delicious meal — it comes down to how you mix your ingredients and what you choose t...
wild,0.575,0.01,0.503295,18094293014.317863,1198372.5714285716,1,finding the end of the rainbow. It is an ideal that we all strive for and look for but never quite r...
wild,0.575,0.015,0.503295,18094293014.317863,1198372.5714285716,1,finding the end of the rainbow. It is an ideal that we all strive for and look for but never quite r...
wild,0.575,0.02,0.503295,18094293014.317863,1198372.5714285716,1,finding the end of the rainbow. It is an ideal that we all strive for and look for but never quite r...
wild,0.575,0.025,0.503295,18094293014.317863,1198372.5714285716,1,finding the end of the rainbow. It is an ideal that we all strive for and look for but never quite r...
wild,0.575,0.03,0.503295,18094293014.317863,1198372.5714285716,1,finding the end of the rainbow. It is an ideal that we all strive for and look for but never quite r...
wild,0.575,0.035,0.503295,18094293014.317863,1198372.5714285716,1,finding the end of the rainbow. It is an ideal that we all strive for and look for but never quite r...
wild,0.575,0.04,0.503295,18094293014.317863,1198372.5714285716,1,finding the end of the rainbow. It is an ideal that we all strive for and look for but never quite r...
wild,0.575,0.045,0.503295,18094293014.07447,1198372.5714285716,1,finding the end of the rainbow. It is an ideal that we all strive for and look for but never quite r...
wild,0.575,0.05,0.503295,18068454150.06499,1198372.5714285716,1,finding the end of the rainbow. It is an ideal that we all strive for and look for but never quite r...
wild,0.575,0.055,0.503295,18045075078.776947,1198372.5714285716,1,finding the end of the rainbow. It is an ideal that we all strive for and look for but never quite r...
wild,0.575,0.06,0.503295,18037759601.10543,1198372.5714285716,1,finding the end of the rainbow. It is an ideal that we all strive for and look for but never quite r...
wild,0.575,0.065,0.503295,18030673660.018185,1198372.5714285716,1,finding the end of the rainbow. It is an ideal that we all strive for and look for but never quite r...
wild,0.575,0.07,0.49990125,16239.179493351787,815.3779160186626,1,"finding the end of the rainbow. It is an ideal that is just out of your reach, but because you can i..."
wild,0.575,0.075,0.5041712500000001,4212.671592346051,539.3909465020575,2,the secret to a delicious meal — you need to have all the right ingredients in your life to make it ...
wild,0.575,0.08,0.5002425,7495.631905329248,543.585277345775,3c,the secret to a delicious meal — you need to have all the right ingredients in your life to make it ...
wild,0.575,0.085,0.5026412499999999,5998.535978165217,592.4158192090396,1,the secret to a delicious meal — you need to have all the right ingredients in your life to make it ...
wild,0.575,0.09,0.5026412499999999,6257.334206536164,600.5589919816725,1,the secret to a delicious meal — you need to have all the right ingredients in your life to make it ...
wild,0.575,0.095,0.52206625,617629434.9884205,223696.21333333346,2,the secret to a delicious meal — it comes down to how you mix your ingredients and what you choose t...
wild,0.575,0.1,0.52206625,601481813.8284547,220752.84210526323,2,the secret to a delicious meal — it comes down to how you mix your ingredients and what you choose t...
wild,0.58,0.01,0.503295,18094293014.317863,1198372.5714285716,1,finding the end of the rainbow. It is an ideal that we all strive for and look for but never quite r...
wild,0.58,0.015,0.503295,18094293014.317863,1198372.5714285716,1,finding the end of the rainbow. It is an ideal that we all strive for and look for but never quite r...
wild,0.58,0.02,0.503295,18094293014.317863,1198372.5714285716,1,finding the end of the rainbow. It is an ideal that we all strive for and look for but never quite r...
wild,0.58,0.025,0.503295,18094293014.317863,1198372.5714285716,1,finding the end of the rainbow. It is an ideal that we all strive for and look for but never quite r...
wild,0.58,0.03,0.503295,18094293014.317863,1198372.5714285716,1,finding the end of the rainbow. It is an ideal that we all strive for and look for but never quite r...
wild,0.58,0.035,0.503295,18094293014.317863,1198372.5714285716,1,finding the end of the rainbow. It is an ideal that we all strive for and look for but never quite r...
wild,0.58,0.04,0.503295,18094293014.317863,1198372.5714285716,1,finding the end of the rainbow. It is an ideal that we all strive for and look for but never quite r...
wild,0.58,0.045,0.503295,18094293014.317863,1198372.5714285716,1,finding the end of the rainbow. It is an ideal that we all strive for and look for but never quite r...
wild,0.58,0.05,0.503295,18094293014.317863,1198372.5714285716,1,finding the end of the rainbow. It is an ideal that we all strive for and look for but never quite r...
wild,0.58,0.055,0.503295,18068451823.098167,1198372.5714285716,1,finding the end of the rainbow. It is an ideal that we all strive for and look for but never quite r...
wild,0.58,0.06,0.503295,18045073745.022514,1198372.5714285716,1,finding the end of the rainbow. It is an ideal that we all strive for and look for but never quite r...
wild,0.58,0.065,0.503295,18030701503.571095,1198372.5714285716,1,finding the end of the rainbow. It is an ideal that we all strive for and look for but never quite r...
wild,0.58,0.07,0.503295,18023838127.771748,1198372.5714285716,1,finding the end of the rainbow. It is an ideal that we all strive for and look for but never quite r...
wild,0.58,0.075,0.49990125,16112.883972634987,807.8397534668725,1,"finding the end of the rainbow. It is an ideal that is just out of your reach, but because you can i..."
wild,0.58,0.08,0.5041712500000001,4230.874808670558,540.7818463125321,2,the secret to a delicious meal — you need to have all the right ingredients in your life to make it ...
wild,0.58,0.085,0.5002425,7504.681677710925,543.585277345775,3c,the secret to a delicious meal — you need to have all the right ingredients in your life to make it ...
wild,0.58,0.09,0.5026412499999999,5991.0387343403145,593.0859728506788,1,the secret to a delicious meal — you need to have all the right ingredients in your life to make it ...
wild,0.58,0.095,0.5026412499999999,6273.886471785968,600.9031518624641,1,the secret to a delicious meal — you need to have all the right ingredients in your life to make it ...
wild,0.58,0.1,0.52206625,651937118.9704111,229824.87671232887,2,the secret to a delicious meal — it comes down to how you mix your ingredients and what you choose t...
wild,0.585,0.01,0.503295,18094293014.317863,1198372.5714285716,1,finding the end of the rainbow. It is an ideal that we all strive for and look for but never quite r...
wild,0.585,0.015,0.503295,18094293014.317863,1198372.5714285716,1,finding the end of the rainbow. It is an ideal that we all strive for and look for but never quite r...
wild,0.585,0.02,0.503295,18094293014.317863,1198372.5714285716,1,finding the end of the rainbow. It is an ideal that we all strive for and look for but never quite r...
wild,0.585,0.025,0.503295,18094293014.317863,1198372.5714285716,1,finding the end of the rainbow. It is an ideal that we all strive for and look for but never quite r...
wild,0.585,0.03,0.503295,18094293014.317863,1198372.5714285716,1,finding the end of the rainbow. It is an ideal that we all strive for and look for but never quite r...
wild,0.585,0.035,0.503295,18094293014.317863,1198372.5714285716,1,finding the end of the rainbow. It is an ideal that we all strive for and look for but never quite r...
wild,0.585,0.04,0.503295,18094293014.317863,1198372.5714285716,1,finding the end of the rainbow. It is an ideal that we all strive for and look for but never quite r...
wild,0.585,0.045,0.503295,18094293014.317863,1198372.5714285716,1,finding the end of the rainbow. It is an ideal that we all strive for and look for but never quite r...
wild,0.585,0.05,0.503295,18094293014.317863,1198372.5714285716,1,finding the end of the rainbow. It is an ideal that we all strive for and look for but never quite r...
wild,0.585,0.055,0.503295,18094293014.317863,1198372.5714285716,1,finding the end of the rainbow. It is an ideal that we all strive for and look for but never quite r...
wild,0.585,0.06,0.503295,18060404475.815697,1198372.5714285716,1,finding the end of the rainbow. It is an ideal that we all strive for and look for but never quite r...
wild,0.585,0.065,0.503295,18045072435.725586,1198372.5714285716,1,finding the end of the rainbow. It is an ideal that we all strive for and look for but never quite r...
wild,0.585,0.07,0.503295,18037759660.67049,1198372.5714285716,1,finding the end of the rainbow. It is an ideal that we all strive for and look for but never quite r...
wild,0.585,0.075,0.5004200000000001,8263.533969024234,672.1641025641023,1,"finding the end of the rainbow. It is an ideal that is just out of your reach, but because you can i..."
wild,0.585,0.08,0.49973,15157.462574849802,683.5567144719688,1,"finding the end of the rainbow. It is an ideal that is just out of your reach, but because you can i..."
wild,0.585,0.085,0.5041712500000001,4173.85816286881,536.3560102301789,2,the secret to a delicious meal — you need to have all the right ingredients in your life to make it ...
wild,0.585,0.09,0.5002425,7515.637252651408,544.4319833852543,3c,the secret to a delicious meal — you need to have all the right ingredients in your life to make it ...
wild,0.585,0.095,0.5026412499999999,5935.283308402692,589.4187745924678,1,the secret to a delicious meal — you need to have all the right ingredients in your life to make it ...
wild,0.585,0.1,0.49861000000000005,3137.951512429506,340.22582738481515,1,the secret to a delicious meal — it comes down to how you mix your ingredients and what you choose t...
wild,0.59,0.01,0.503295,18094293014.317863,1198372.5714285716,1,finding the end of the rainbow. It is an ideal that we all strive for and look for but never quite r...
wild,0.59,0.015,0.503295,18094293014.317863,1198372.5714285716,1,finding the end of the rainbow. It is an ideal that we all strive for and look for but never quite r...
wild,0.59,0.02,0.503295,18094293014.317863,1198372.5714285716,1,finding the end of the rainbow. It is an ideal that we all strive for and look for but never quite r...
wild,0.59,0.025,0.503295,18094293014.317863,1198372.5714285716,1,finding the end of the rainbow. It is an ideal that we all strive for and look for but never quite r...
wild,0.59,0.03,0.503295,18094293014.317863,1198372.5714285716,1,finding the end of the rainbow. It is an ideal that we all strive for and look for but never quite r...
wild,0.59,0.035,0.503295,18094293014.317863,1198372.5714285716,1,finding the end of the rainbow. It is an ideal that we all strive for and look for but never quite r...
wild,0.59,0.04,0.503295,18094293014.317863,1198372.5714285716,1,finding the end of the rainbow. It is an ideal that we all strive for and look for but never quite r...
wild,0.59,0.045,0.503295,18094293014.317863,1198372.5714285716,1,finding the end of the rainbow. It is an ideal that we all strive for and look for but never quite r...
wild,0.59,0.05,0.503295,18094293014.317863,1198372.5714285716,1,finding the end of the rainbow. It is an ideal that we all strive for and look for but never quite r...
wild,0.59,0.055,0.503295,18094293014.317863,1198372.5714285716,1,finding the end of the rainbow. It is an ideal that we all strive for and look for but never quite r...
wild,0.59,0.06,0.503295,18085384998.9793,1198372.5714285716,1,finding the end of the rainbow. It is an ideal that we all strive for and look for but never quite r...
wild,0.59,0.065,0.503295,18060403339.077225,1198372.5714285716,1,finding the end of the rainbow. It is an ideal that we all strive for and look for but never quite r...
wild,0.59,0.07,0.503295,18045070580.396954,1198372.5714285716,1,finding the end of the rainbow. It is an ideal that we all strive for and look for but never quite r...
wild,0.59,0.075,0.503295,18045048763.945583,1198372.5714285716,1,finding the end of the rainbow. It is an ideal that we all strive for and look for but never quite r...
wild,0.59,0.08,0.5004200000000001,8263.506677057167,671.7335041639973,1,"finding the end of the rainbow. It is an ideal that is just out of your reach, but because you can i..."
wild,0.59,0.085,0.49973,15086.005212210619,679.1295336787563,1,"finding the end of the rainbow. It is an ideal that is just out of your reach, but because you can i..."
wild,0.59,0.09,0.5041712500000001,4244.1642038300615,541.6198347107439,2,the secret to a delicious meal — you need to have all the right ingredients in your life to make it ...
wild,0.59,0.095,0.5002425,7500.710971708419,544.9979209979209,3c,the secret to a delicious meal — you need to have all the right ingredients in your life to make it ...
wild,0.59,0.1,0.5026412499999999,5909.010237324194,587.7668161434975,1,the secret to a delicious meal — you need to have all the right ingredients in your life to make it ...
wild,0.595,0.01,0.503295,18094293014.317863,1198372.5714285716,1,finding the end of the rainbow. It is an ideal that we all strive for and look for but never quite r...
wild,0.595,0.015,0.503295,18094293014.317863,1198372.5714285716,1,finding the end of the rainbow. It is an ideal that we all strive for and look for but never quite r...
wild,0.595,0.02,0.503295,18094293014.317863,1198372.5714285716,1,finding the end of the rainbow. It is an ideal that we all strive for and look for but never quite r...
wild,0.595,0.025,0.503295,18094293014.317863,1198372.5714285716,1,finding the end of the rainbow. It is an ideal that we all strive for and look for but never quite r...
wild,0.595,0.03,0.503295,18094293014.317863,1198372.5714285716,1,finding the end of the rainbow. It is an ideal that we all strive for and look for but never quite r...
wild,0.595,0.035,0.503295,18094293014.317863,1198372.5714285716,1,finding the end of the rainbow. It is an ideal that we all strive for and look for but never quite r...
wild,0.595,0.04,0.503295,18094293014.317863,1198372.5714285716,1,finding the end of the rainbow. It is an ideal that we all strive for and look for but never quite r...
wild,0.595,0.045,0.503295,18094293014.317863,1198372.5714285716,1,finding the end of the rainbow. It is an ideal that we all strive for and look for but never quite r...
wild,0.595,0.05,0.503295,18094293014.317863,1198372.5714285716,1,finding the end of the rainbow. It is an ideal that we all strive for and look for but never quite r...
wild,0.595,0.055,0.503295,18094293014.317863,1198372.5714285716,1,finding the end of the rainbow. It is an ideal that we all strive for and look for but never quite r...
wild,0.595,0.06,0.503295,18094293014.803886,1198372.5714285716,1,finding the end of the rainbow. It is an ideal that we all strive for and look for but never quite r...
wild,0.595,0.065,0.503295,18085384727.549675,1198372.5714285716,1,finding the end of the rainbow. It is an ideal that we all strive for and look for but never quite r...
wild,0.595,0.07,0.503295,18060400879.28306,1198372.5714285716,1,finding the end of the rainbow. It is an ideal that we all strive for and look for but never quite r...
wild,0.595,0.075,0.503295,18045069884.834164,1198372.5714285716,1,finding the end of the rainbow. It is an ideal that we all strive for and look for but never quite r...
wild,0.595,0.08,0.503295,18037760594.227898,1198372.5714285716,1,finding the end of the rainbow. It is an ideal that we all strive for and look for but never quite r...
wild,0.595,0.085,0.5004200000000001,8378.039360582774,678.2509702457959,1,"finding the end of the rainbow. It is an ideal that is just out of your reach, but because you can i..."
wild,0.595,0.09,0.49973,15007.827080472198,688.9461235216818,1,"finding the end of the rainbow. It is an ideal that is just out of your reach, but because you can i..."
wild,0.595,0.095,0.5041712500000001,4157.327863798544,534.9877551020409,2,the secret to a delicious meal — you need to have all the right ingredients in your life to make it ...
wild,0.595,0.1,0.5002425,7500.153639629707,544.9979209979209,3c,the secret to a delicious meal — you need to have all the right ingredients in your life to make it ...
wild,0.6,0.01,0.503295,18094293014.317863,1198372.5714285716,1,finding the end of the rainbow. It is an ideal that we all strive for and look for but never quite r...
wild,0.6,0.015,0.503295,18094293014.317863,1198372.5714285716,1,finding the end of the rainbow. It is an ideal that we all strive for and look for but never quite r...
wild,0.6,0.02,0.503295,18094293014.317863,1198372.5714285716,1,finding the end of the rainbow. It is an ideal that we all strive for and look for but never quite r...
wild,0.6,0.025,0.503295,18094293014.317863,1198372.5714285716,1,finding the end of the rainbow. It is an ideal that we all strive for and look for but never quite r...
wild,0.6,0.03,0.503295,18094293014.317863,1198372.5714285716,1,finding the end of the rainbow. It is an ideal that we all strive for and look for but never quite r...
wild,0.6,0.035,0.503295,18094293014.317863,1198372.5714285716,1,finding the end of the rainbow. It is an ideal that we all strive for and look for but never quite r...
wild,0.6,0.04,0.503295,18094293014.317863,1198372.5714285716,1,finding the end of the rainbow. It is an ideal that we all strive for and look for but never quite r...
wild,0.6,0.045,0.503295,18094293014.317863,1198372.5714285716,1,finding the end of the rainbow. It is an ideal that we all strive for and look for but never quite r...
wild,0.6,0.05,0.503295,18094293014.317863,1198372.5714285716,1,finding the end of the rainbow. It is an ideal that we all strive for and look for but never quite r...
wild,0.6,0.055,0.503295,18094293014.317863,1198372.5714285716,1,finding the end of the rainbow. It is an ideal that we all strive for and look for but never quite r...
wild,0.6,0.06,0.503295,18094293014.317863,1198372.5714285716,1,finding the end of the rainbow. It is an ideal that we all strive for and look for but never quite r...
wild,0.6,0.065,0.503295,18094293014.317863,1198372.5714285716,1,finding the end of the rainbow. It is an ideal that we all strive for and look for but never quite r...
wild,0.6,0.07,0.503295,18076777161.23771,1198372.5714285716,1,finding the end of the rainbow. It is an ideal that we all strive for and look for but never quite r...
wild,0.6,0.075,0.503295,18060398893.82287,1198372.5714285716,1,finding the end of the rainbow. It is an ideal that we all strive for and look for but never quite r...
wild,0.6,0.08,0.503295,18045069105.307,1198372.5714285716,1,finding the end of the rainbow. It is an ideal that we all strive for and look for but never quite r...
wild,0.6,0.085,0.503295,18037759880.99818,1198372.5714285716,1,finding the end of the rainbow. It is an ideal that we all strive for and look for but never quite r...
wild,0.6,0.09,0.49990125,14936.072742386896,756.5483405483404,1,"finding the end of the rainbow. It is an ideal that is just out of your reach, but because you can i..."
wild,0.6,0.095,0.49973,15012.024893383397,690.761528326746,1,"finding the end of the rainbow. It is an ideal that is just out of your reach, but because you can i..."
wild,0.6,0.1,0.5041712500000001,4182.303209185355,536.905273937532,2,the secret to a delicious meal — you need to have all the right ingredients in your life to make it ...
