mode,mu,sigma,mean_u,ppl_var,ppl_max,corrected_state,text_snippet
wild,0.4,0.01,0.5129349999999999,33300298.50328532,51941.845201238364,1,"clockwork—a complex network of neural connections orchestrated by neurotransmitters, charged ions an..."
wild,0.4,0.015,0.5129349999999999,33300298.50328532,51941.845201238364,1,"clockwork—a complex network of neural connections orchestrated by neurotransmitters, charged ions an..."
wild,0.4,0.02,0.5129349999999999,33300298.50328532,51941.845201238364,1,"clockwork—a complex network of neural connections orchestrated by neurotransmitters, charged ions an..."
wild,0.4,0.025,0.5129349999999999,33300501.239802074,51941.845201238364,1,"clockwork—a complex network of neural connections orchestrated by neurotransmitters, charged ions an..."
wild,0.4,0.03,0.5104075,33247136.297301132,51941.845201238364,1,"clockwork—a complex network of neural connections orchestrated by neurotransmitters, charged ions an..."
wild,0.4,0.035,0.5104075,33247690.34573888,51941.845201238364,1,"clockwork—a complex network of neural connections orchestrated by neurotransmitters, charged ions an..."
wild,0.4,0.04,0.5104075,33247898.599998403,51941.845201238364,1,"clockwork—a complex network of neural connections orchestrated by neurotransmitters, charged ions an..."
wild,0.4,0.045,0.5107812500000001,44069940.7711326,52265.470404984444,1,"clockwork—a complex network of neural connections orchestrated by neurotransmitters, charged ions an..."
wild,0.4,0.05,0.51133625,42994962.81578871,52265.470404984444,1,"clockwork—a complex network of neural connections orchestrated by neurotransmitters, charged ions an..."
wild,0.4,0.055,0.5132524999999999,70992223486.00653,2396745.142857143,3b,"clockwork—a complex network of neural connections orchestrated by neurotransmitters, charged atoms a..."
wild,0.4,0.06,0.5180412500000001,33267559.192135226,51941.845201238364,1,"clockwork—a complex network of neural connections orchestrated by neurotransmitters, charged atoms a..."
wild,0.4,0.065,0.5081075,34740324925.22308,1677721.5999999987,1,"the architecture of computers: networks of neurons are connected together into networks of networks,..."
wild,0.4,0.07,0.5094675,34740184168.10708,1677721.5999999987,1,"the architecture of computers: networks of neurons are connected together into networks of networks,..."
wild,0.4,0.075,0.511455,2680358677.9970226,466033.7777777776,1,"the architecture of a computer. Like computers, brains receive inputs, process them, and generate ou..."
wild,0.4,0.08,0.50985875,19794.382727625984,909.4327840416306,1,"the architecture of a computer. Like computers, brains receive inputs, process them, and generate ou..."
wild,0.4,0.085,0.5103937500000001,68940.49317841184,1812.5773552290402,1,"the architecture of a computer. Like computers, brains receive inputs, process them, and generate ou..."
wild,0.4,0.09,0.51622375,6214.744102658782,609.9918557300757,1,"the architecture of a computer. Like computers, the human brain has a central processing unit (CPU) ..."
wild,0.4,0.095,0.5149999999999999,102661.16075416752,2714.759870550161,1,"the architecture of a computer. Like a computer, the human brain consists of a series of components ..."
wild,0.4,0.1,0.5164099999999999,62624.6662663629,1950.8390697674424,1,"the architecture of a computer. Like a computer, the human brain consists of a series of components ..."
wild,0.405,0.01,0.5129349999999999,33300298.50328532,51941.845201238364,1,"clockwork—a complex network of neural connections orchestrated by neurotransmitters, charged ions an..."
wild,0.405,0.015,0.5129349999999999,33300298.50328532,51941.845201238364,1,"clockwork—a complex network of neural connections orchestrated by neurotransmitters, charged ions an..."
wild,0.405,0.02,0.5129349999999999,33300298.50328532,51941.845201238364,1,"clockwork—a complex network of neural connections orchestrated by neurotransmitters, charged ions an..."
wild,0.405,0.025,0.5104075,33247621.189033903,51941.845201238364,1,"clockwork—a complex network of neural connections orchestrated by neurotransmitters, charged ions an..."
wild,0.405,0.03,0.5104075,33247184.496719353,51941.845201238364,1,"clockwork—a complex network of neural connections orchestrated by neurotransmitters, charged ions an..."
wild,0.405,0.035,0.5104075,33247610.288517017,51941.845201238364,1,"clockwork—a complex network of neural connections orchestrated by neurotransmitters, charged ions an..."
wild,0.405,0.04,0.510105,33499679.1440826,51941.845201238364,1,"clockwork—a complex network of neural connections orchestrated by neurotransmitters, charged ions an..."
wild,0.405,0.045,0.5104175,43632269.52637927,52265.470404984444,1,"clockwork—a complex network of neural connections orchestrated by neurotransmitters, charged ions an..."
wild,0.405,0.05,0.51133625,42407794.49192642,52265.470404984444,1,"clockwork—a complex network of neural connections orchestrated by neurotransmitters, charged ions an..."
wild,0.405,0.055,0.5133387500000001,70977748054.03061,2396745.142857143,3b,"clockwork—a complex network of neural connections orchestrated by neurotransmitters, charged atoms a..."
wild,0.405,0.06,0.51789625,33687098.4073423,52265.470404984444,1,"clockwork—a complex network of neural connections orchestrated by neurotransmitters, charged atoms a..."
wild,0.405,0.065,0.5106075000000001,34738819689.28123,1677721.5999999987,1,"the architecture of computers: networks of neurons are connected together into networks of networks,..."
wild,0.405,0.07,0.5143337499999999,217134321000.1529,4194304.000000001,1,the architecture of computers: networks of neurons are connected together to form circuits that are ...
wild,0.405,0.075,0.50985875,18616.910931051014,860.8998357963873,1,"the architecture of a computer. Like computers, brains receive inputs, process them, and generate ou..."
wild,0.405,0.08,0.5085,55129.389192998235,1786.330494037478,1,"the architecture of a computer. Like computers, brains receive inputs, process them, and generate ou..."
wild,0.405,0.085,0.51622375,6029.103129384102,600.9031518624641,1,"the architecture of a computer. Like computers, the human brain has a central processing unit (CPU) ..."
wild,0.405,0.09,0.5149999999999999,87116.68330373368,2467.237647058823,1,"the architecture of a computer. Like a computer, the human brain consists of a series of components ..."
wild,0.405,0.095,0.5164099999999999,62366.259270165116,1950.8390697674424,1,"the architecture of a computer. Like a computer, the human brain consists of a series of components ..."
wild,0.405,0.1,0.5164099999999999,71419.55714049107,2097.1520000000005,1,"the architecture of a computer. Like a computer, the human brain consists of a series of components ..."
wild,0.41,0.01,0.5129349999999999,33300298.50328532,51941.845201238364,1,"clockwork—a complex network of neural connections orchestrated by neurotransmitters, charged ions an..."
wild,0.41,0.015,0.5129349999999999,33300298.50328532,51941.845201238364,1,"clockwork—a complex network of neural connections orchestrated by neurotransmitters, charged ions an..."
wild,0.41,0.02,0.5129349999999999,33300287.99894278,51941.845201238364,1,"clockwork—a complex network of neural connections orchestrated by neurotransmitters, charged ions an..."
wild,0.41,0.025,0.5104075,33247527.697538126,51941.845201238364,1,"clockwork—a complex network of neural connections orchestrated by neurotransmitters, charged ions an..."
wild,0.41,0.03,0.5104075,33247582.87550528,51941.845201238364,1,"clockwork—a complex network of neural connections orchestrated by neurotransmitters, charged ions an..."
wild,0.41,0.035,0.5104075,33247745.88076557,51941.845201238364,1,"clockwork—a complex network of neural connections orchestrated by neurotransmitters, charged ions an..."
wild,0.41,0.04,0.5107812500000001,43773254.42190789,51941.845201238364,1,"clockwork—a complex network of neural connections orchestrated by neurotransmitters, charged ions an..."
wild,0.41,0.045,0.51133625,43125945.64038565,52265.470404984444,1,"clockwork—a complex network of neural connections orchestrated by neurotransmitters, charged ions an..."
wild,0.41,0.05,0.5132524999999999,70992244155.45395,2396745.142857143,3b,"clockwork—a complex network of neural connections orchestrated by neurotransmitters, charged atoms a..."
wild,0.41,0.055,0.5180412500000001,33268028.130576532,51941.845201238364,1,"clockwork—a complex network of neural connections orchestrated by neurotransmitters, charged atoms a..."
wild,0.41,0.06,0.5081075,34740244040.3809,1677721.5999999987,1,"the architecture of computers: networks of neurons are connected together into networks of networks,..."
wild,0.41,0.065,0.509055,34739288844.80174,1677721.5999999987,1,"the architecture of computers: networks of neurons are connected together into networks of networks,..."
wild,0.41,0.07,0.50985875,17660.17538322679,817.2844894777865,1,"the architecture of a computer. Like computers, brains receive inputs, process them, and generate ou..."
wild,0.41,0.075,0.5085,54190.29276841019,1792.4376068376062,1,"the architecture of a computer. Like computers, brains receive inputs, process them, and generate ou..."
wild,0.41,0.08,0.51622375,5899.156725024438,595.443498012493,1,"the architecture of a computer. Like computers, the human brain has a central processing unit (CPU) ..."
wild,0.41,0.085,0.5149999999999999,72752.21065643802,2208.6908899420755,1,"the architecture of a computer. Like a computer, the human brain consists of a series of components ..."
wild,0.41,0.09,0.5164099999999999,60713.12053487465,1923.9926605504588,1,"the architecture of a computer. Like a computer, the human brain consists of a series of components ..."
wild,0.41,0.095,0.5164099999999999,71216.88750523205,2097.1520000000005,1,"the architecture of a computer. Like a computer, the human brain consists of a series of components ..."
wild,0.41,0.1,0.51409625,96492802729.76744,2796202.666666669,1,"the architecture of a computer. Like a computer, the human brain is in a constant state of evolution..."
wild,0.415,0.01,0.5129349999999999,33300298.50328532,51941.845201238364,1,"clockwork—a complex network of neural connections orchestrated by neurotransmitters, charged ions an..."
wild,0.415,0.015,0.5129349999999999,33300298.50328532,51941.845201238364,1,"clockwork—a complex network of neural connections orchestrated by neurotransmitters, charged ions an..."
wild,0.415,0.02,0.5129349999999999,33300507.94979798,51941.845201238364,1,"clockwork—a complex network of neural connections orchestrated by neurotransmitters, charged ions an..."
wild,0.415,0.025,0.5104075,33247091.201818448,51941.845201238364,1,"clockwork—a complex network of neural connections orchestrated by neurotransmitters, charged ions an..."
wild,0.415,0.03,0.5104075,33247752.06643321,51941.845201238364,1,"clockwork—a complex network of neural connections orchestrated by neurotransmitters, charged ions an..."
wild,0.415,0.035,0.5104075,33247963.20538438,51941.845201238364,1,"clockwork—a complex network of neural connections orchestrated by neurotransmitters, charged ions an..."
wild,0.415,0.04,0.5107975,43878271.744891204,52265.470404984444,1,"clockwork—a complex network of neural connections orchestrated by neurotransmitters, charged ions an..."
wild,0.415,0.045,0.51133625,42709697.9649835,52265.470404984444,1,"clockwork—a complex network of neural connections orchestrated by neurotransmitters, charged ions an..."
wild,0.415,0.05,0.5133387500000001,70977728964.12558,2396745.142857143,3b,"clockwork—a complex network of neural connections orchestrated by neurotransmitters, charged atoms a..."
wild,0.415,0.055,0.51878125,33687393.12924072,52265.470404984444,1,"clockwork—a complex network of neural connections orchestrated by neurotransmitters, charged atoms a..."
wild,0.415,0.06,0.5093387500000001,34740114498.78327,1677721.5999999987,1,"the architecture of computers: networks of neurons are connected together into networks of networks,..."
wild,0.415,0.065,0.5187181818181817,23618.010882692906,960.234432234432,1,the architecture of a computer. Researchers have noticed that when one part of your brain is damaged...
wild,0.415,0.07,0.51161625,66085.48765691661,2001.0992366412218,1,"the architecture of a computer. Like computers, brains receive inputs, process them, and generate ou..."
wild,0.415,0.075,0.5100775,64605.20730075651,1804.7779690189336,1,"the architecture of a computer. Like computers, brains receive inputs, process them, and generate ou..."
wild,0.415,0.08,0.51622375,6910.83642421557,649.2730650154798,1,"the architecture of a computer. Like computers, the human brain has a central processing unit (CPU) ..."
wild,0.415,0.085,0.5164099999999999,60494.11801360705,1923.9926605504588,1,"the architecture of a computer. Like a computer, the human brain consists of a series of components ..."
wild,0.415,0.09,0.5164099999999999,69780.58989981846,2069.2175629008393,1,"the architecture of a computer. Like a computer, the human brain consists of a series of components ..."
wild,0.415,0.095,0.51409625,96492766050.38753,2796202.666666669,1,"the architecture of a computer. Like a computer, the human brain is in a constant state of evolution..."
wild,0.415,0.1,0.5151075,26797031.73160678,46603.37777777779,1,"the architecture of a computer. The brain is an organ that has a function, and this function is to c..."
wild,0.42,0.01,0.5129349999999999,33300298.50328532,51941.845201238364,1,"clockwork—a complex network of neural connections orchestrated by neurotransmitters, charged ions an..."
wild,0.42,0.015,0.5129349999999999,33300298.50328532,51941.845201238364,1,"clockwork—a complex network of neural connections orchestrated by neurotransmitters, charged ions an..."
wild,0.42,0.02,0.5129349999999999,33300501.02368583,51941.845201238364,1,"clockwork—a complex network of neural connections orchestrated by neurotransmitters, charged ions an..."
wild,0.42,0.025,0.5104075,33247112.236647822,51941.845201238364,1,"clockwork—a complex network of neural connections orchestrated by neurotransmitters, charged ions an..."
wild,0.42,0.03,0.5104075,33247598.31487425,51941.845201238364,1,"clockwork—a complex network of neural connections orchestrated by neurotransmitters, charged ions an..."
wild,0.42,0.035,0.5107812500000001,44009942.85540797,51941.845201238364,1,"clockwork—a complex network of neural connections orchestrated by neurotransmitters, charged ions an..."
wild,0.42,0.04,0.51133625,43226275.93217548,52265.470404984444,1,"clockwork—a complex network of neural connections orchestrated by neurotransmitters, charged ions an..."
wild,0.42,0.045,0.51370125,2310376659.4424973,430185.02564102545,1,"clockwork—a complex network of neural connections orchestrated by neurotransmitters, charged ions an..."
wild,0.42,0.05,0.5180412500000001,33267325.06929321,51941.845201238364,1,"clockwork—a complex network of neural connections orchestrated by neurotransmitters, charged atoms a..."
wild,0.42,0.055,0.5106075000000001,34738825377.483475,1677721.5999999987,1,"the architecture of computers: networks of neurons are connected together into networks of networks,..."
wild,0.42,0.06,0.5143337499999999,217135405353.96365,4194304.000000001,1,the architecture of computers: networks of neurons are connected together to form circuits that are ...
wild,0.42,0.065,0.50985875,20859.440041544265,942.9640287769784,1,"the architecture of a computer. Like computers, brains receive inputs, process them, and generate ou..."
wild,0.42,0.07,0.5154175000000001,147464.2810836896,2720.04150453956,4,"the architecture of a computer. Like computers, brains receive inputs, process them, and generate ou..."
wild,0.42,0.075,0.51622375,6705.480267105607,640.1562881562879,1,"the architecture of a computer. Like computers, the human brain has a central processing unit (CPU) ..."
wild,0.42,0.08,0.5164099999999999,59221.70928668637,1897.8751131221725,1,"the architecture of a computer. Like a computer, the human brain consists of a series of components ..."
wild,0.42,0.085,0.5164099999999999,69271.05719636093,2066.1596059113303,1,"the architecture of a computer. Like a computer, the human brain consists of a series of components ..."
wild,0.42,0.09,0.51409625,70891300251.62534,2396745.142857143,1,"the architecture of a computer. Like a computer, the human brain is in a constant state of evolution..."
wild,0.42,0.095,0.5151075,26501745.5326047,46345.90055248622,1,"the architecture of a computer. The brain is an organ that has a function, and this function is to c..."
wild,0.42,0.1,0.51418375,480804883.26788074,197379.0117647059,1,the architecture of a computer. The brain is an organ that has a function and it does a particular j...
wild,0.425,0.01,0.5129349999999999,33300298.50328532,51941.845201238364,1,"clockwork—a complex network of neural connections orchestrated by neurotransmitters, charged ions an..."
wild,0.425,0.015,0.5129349999999999,33300298.50328532,51941.845201238364,1,"clockwork—a complex network of neural connections orchestrated by neurotransmitters, charged ions an..."
wild,0.425,0.02,0.5104075,33247601.763509404,51941.845201238364,1,"clockwork—a complex network of neural connections orchestrated by neurotransmitters, charged ions an..."
wild,0.425,0.025,0.5104075,33247480.13925302,51941.845201238364,1,"clockwork—a complex network of neural connections orchestrated by neurotransmitters, charged ions an..."
wild,0.425,0.03,0.5104075,33247902.182087995,51941.845201238364,1,"clockwork—a complex network of neural connections orchestrated by neurotransmitters, charged ions an..."
wild,0.425,0.035,0.5107975,43654314.85259254,51941.845201238364,1,"clockwork—a complex network of neural connections orchestrated by neurotransmitters, charged ions an..."
wild,0.425,0.04,0.51133625,42740714.951668024,52265.470404984444,1,"clockwork—a complex network of neural connections orchestrated by neurotransmitters, charged ions an..."
wild,0.425,0.045,0.52001625,33826050.35717286,52265.470404984444,1,"clockwork—a complex network of neural connections orchestrated by neurotransmitters, charged atoms a..."
wild,0.425,0.05,0.51878125,33271627.74574089,51941.845201238364,1,"clockwork—a complex network of neural connections orchestrated by neurotransmitters, charged atoms a..."
wild,0.425,0.055,0.5100887500000001,34738624932.5056,1677721.5999999987,1,"the architecture of computers: networks of neurons are connected together into networks of networks,..."
wild,0.425,0.06,0.51501625,40816.04509887511,1222.11655011655,1,the architecture of a computer. Researchers have noticed that when one part of your brain is damaged...
wild,0.425,0.065,0.51466625,9217456.216862317,27280.02601626018,1,"the architecture of a computer. Like computers, brains receive inputs, process them, and generate ou..."
wild,0.425,0.07,0.51622375,6605.896779863714,636.6581663630843,1,"the architecture of a computer. Like computers, the human brain has a central processing unit (CPU) ..."
wild,0.425,0.075,0.5151075,78288.86463451145,2164.2435500515994,1,"the architecture of a computer. Like a computer, the human brain consists of a series of components ..."
wild,0.425,0.08,0.5164099999999999,69047.0490677639,2066.1596059113303,1,"the architecture of a computer. Like a computer, the human brain consists of a series of components ..."
wild,0.425,0.085,0.5208662499999999,70882495399.70078,2396745.142857143,4,"the architecture of a computer. Like a computer, the human brain is in a constant state of evolution..."
wild,0.425,0.09,0.5161487499999999,138939501282.0584,3355443.199999998,1,"the architecture of a computer. Like a computer, the human brain is in a constant state of evolution..."
wild,0.425,0.095,0.5134812500000001,492321746.45315325,199728.761904762,1,the architecture of a computer. The brain is an organ that has a function and it does a particular j...
wild,0.425,0.1,0.5134812500000001,504253333.385948,202135.1325301205,1,the architecture of a computer. The brain is an organ that has a function and it does a particular j...
wild,0.43,0.01,0.5129349999999999,33300298.50328532,51941.845201238364,1,"clockwork—a complex network of neural connections orchestrated by neurotransmitters, charged ions an..."
wild,0.43,0.015,0.5129349999999999,33300288.215040065,51941.845201238364,1,"clockwork—a complex network of neural connections orchestrated by neurotransmitters, charged ions an..."
wild,0.43,0.02,0.5104075,33247473.509901203,51941.845201238364,1,"clockwork—a complex network of neural connections orchestrated by neurotransmitters, charged ions an..."
wild,0.43,0.025,0.5104075,33247547.085049562,51941.845201238364,1,"clockwork—a complex network of neural connections orchestrated by neurotransmitters, charged ions an..."
wild,0.43,0.03,0.510105,33507441.62908454,51941.845201238364,1,"clockwork—a complex network of neural connections orchestrated by neurotransmitters, charged ions an..."
wild,0.43,0.035,0.51133625,43642287.25769438,52265.470404984444,1,"clockwork—a complex network of neural connections orchestrated by neurotransmitters, charged ions an..."
wild,0.43,0.04,0.51370125,2310380297.831466,430185.02564102545,1,"clockwork—a complex network of neural connections orchestrated by neurotransmitters, charged ions an..."
wild,0.43,0.045,0.5180412500000001,33267151.165774573,51941.845201238364,1,"clockwork—a complex network of neural connections orchestrated by neurotransmitters, charged atoms a..."
wild,0.43,0.05,0.5100887500000001,34738724398.66625,1677721.5999999987,1,"the architecture of computers: networks of neurons are connected together into networks of networks,..."
wild,0.43,0.055,0.5143337499999999,217135399585.63193,4194304.000000001,1,the architecture of computers: networks of neurons are connected together to form circuits that are ...
wild,0.43,0.06,0.51466625,7419714.160288436,24456.583090379005,1,"the architecture of a computer. Like computers, brains receive inputs, process them, and generate ou..."
wild,0.43,0.065,0.5143262500000001,19953.718507463636,911.0130321459599,1,"the architecture of a computer. Like computers, brains receive inputs, process them, and generate ou..."
wild,0.43,0.07,0.5145312499999999,92028.42019814783,2734.2268578878757,1,"the architecture of a computer. Like computers, the human brain has a central processing unit (CPU) ..."
wild,0.43,0.075,0.5164099999999999,68684.12070276406,2066.1596059113303,1,"the architecture of a computer. Like a computer, the human brain consists of a series of components ..."
wild,0.43,0.08,0.5208662499999999,70882451242.57812,2396745.142857143,4,"the architecture of a computer. Like a computer, the human brain is in a constant state of evolution..."
wild,0.43,0.085,0.5161487499999999,138939556299.13876,3355443.199999998,1,"the architecture of a computer. Like a computer, the human brain is in a constant state of evolution..."
wild,0.43,0.09,0.5134812500000001,492321392.23298997,199728.761904762,1,the architecture of a computer. The brain is an organ that has a function and it does a particular j...
wild,0.43,0.095,0.5134812500000001,516627183.94414186,204600.19512195105,1,the architecture of a computer. The brain is an organ that has a function and it does a particular j...
wild,0.43,0.1,0.51503125,33913315.18167064,52428.80000000003,1,the architecture of a computer. The brain is an organ that has a function and the function is to pro...
wild,0.435,0.01,0.5129349999999999,33300298.50328532,51941.845201238364,1,"clockwork—a complex network of neural connections orchestrated by neurotransmitters, charged ions an..."
wild,0.435,0.015,0.5129349999999999,33300288.86182051,51941.845201238364,1,"clockwork—a complex network of neural connections orchestrated by neurotransmitters, charged ions an..."
wild,0.435,0.02,0.5104075,33247033.92834269,51941.845201238364,1,"clockwork—a complex network of neural connections orchestrated by neurotransmitters, charged ions an..."
wild,0.435,0.025,0.5104075,33247465.17920012,51941.845201238364,1,"clockwork—a complex network of neural connections orchestrated by neurotransmitters, charged ions an..."
wild,0.435,0.03,0.5107812500000001,43969071.62721821,51941.845201238364,1,"clockwork—a complex network of neural connections orchestrated by neurotransmitters, charged ions an..."
wild,0.435,0.035,0.51133625,42834877.715399764,52265.470404984444,1,"clockwork—a complex network of neural connections orchestrated by neurotransmitters, charged ions an..."
wild,0.435,0.04,0.52001625,33823308.576193705,52265.470404984444,1,"clockwork—a complex network of neural connections orchestrated by neurotransmitters, charged atoms a..."
wild,0.435,0.045,0.5186487499999999,33271655.773874022,51941.845201238364,1,"clockwork—a complex network of neural connections orchestrated by neurotransmitters, charged atoms a..."
wild,0.435,0.05,0.51483375,217136531531.22488,4194304.000000001,1,the architecture of computers: networks of neurons are connected together to form circuits that are ...
wild,0.435,0.055,0.51573,39993.56539548823,1398.1013333333335,1,the architecture of a computer. Researchers have noticed that when one part of your brain is damaged...
wild,0.435,0.06,0.5141137499999999,10273.433806698666,860.1936013125516,1,"the architecture of a computer. Like computers, brains receive inputs, process them, and generate ou..."
wild,0.435,0.065,0.5145312499999999,70080.73104074979,2385.838452787259,1,"the architecture of a computer. Like computers, the human brain has a central processing unit (CPU) ..."
wild,0.435,0.07,0.5164099999999999,69242.14798959286,2066.1596059113303,1,"the architecture of a computer. Like a computer, the human brain consists of a series of components ..."
wild,0.435,0.075,0.5188123287671232,77579333503.37085,2396745.142857143,1,"the architecture of a computer. Like a computer, the human brain is in a constant state of evolution..."
wild,0.435,0.08,0.51628375,171918905906.50327,3355443.199999998,4,"the architecture of a computer. Like a computer, the human brain is in a constant state of evolution..."
wild,0.435,0.085,0.5134812500000001,504256176.2544385,202135.1325301205,1,the architecture of a computer. The brain is an organ that has a function and it does a particular j...
wild,0.435,0.09,0.51503125,31129505.843016893,50231.185628742554,1,the architecture of a computer. The brain is an organ that has a function and the function is to pro...
wild,0.435,0.095,0.51503125,35221852.369579,53430.62420382169,1,the architecture of a computer. The brain is an organ that has a function and the function is to pro...
wild,0.435,0.1,0.51503125,38586325.246564895,55924.05333333336,1,the architecture of a computer. The brain is an organ that has a function and the function is to pro...
wild,0.44,0.01,0.5129349999999999,33300298.50328532,51941.845201238364,1,"clockwork—a complex network of neural connections orchestrated by neurotransmitters, charged ions an..."
wild,0.44,0.015,0.5129349999999999,33300504.975534122,51941.845201238364,1,"clockwork—a complex network of neural connections orchestrated by neurotransmitters, charged ions an..."
wild,0.44,0.02,0.5104075,33246975.65114551,51941.845201238364,1,"clockwork—a complex network of neural connections orchestrated by neurotransmitters, charged ions an..."
wild,0.44,0.025,0.5104075,33248033.30965521,51941.845201238364,1,"clockwork—a complex network of neural connections orchestrated by neurotransmitters, charged ions an..."
wild,0.44,0.03,0.51133625,43522562.379837476,51941.845201238364,1,"clockwork—a complex network of neural connections orchestrated by neurotransmitters, charged ions an..."
wild,0.44,0.035,0.5109899999999999,33803558.15316538,52265.470404984444,3b,"clockwork—a complex network of neural connections orchestrated by neurotransmitters, charged atoms a..."
wild,0.44,0.04,0.518595,33680893.35969408,52265.470404984444,1,"clockwork—a complex network of neural connections orchestrated by neurotransmitters, charged atoms a..."
wild,0.44,0.045,0.51483375,217137453494.10144,4194304.000000001,1,the architecture of computers: networks of neurons are connected together to form circuits that are ...
wild,0.44,0.05,0.514,217130512482.46976,4194304.000000001,1,the architecture of computers: networks of neurons are connected together to form circuits that are ...
wild,0.44,0.055,0.5141137499999999,10542.689870820792,874.5421184320268,1,"the architecture of a computer. Like computers, brains receive inputs, process them, and generate ou..."
wild,0.44,0.06,0.5145312499999999,52788.99858458245,2070.2388943731494,1,"the architecture of a computer. Like computers, the human brain has a central processing unit (CPU) ..."
wild,0.44,0.065,0.5164099999999999,67459.6741622585,2038.0485908649177,1,"the architecture of a computer. Like a computer, the human brain consists of a series of components ..."
wild,0.44,0.07,0.5164863013698631,872869021.9276588,254200.2424242426,1,"the architecture of a computer. Like a computer, the human brain has two distinct and interrelated p..."
wild,0.44,0.075,0.51628375,171918922729.21097,3355443.199999998,4,"the architecture of a computer. Like a computer, the human brain is in a constant state of evolution..."
wild,0.44,0.08,0.5161487499999999,217101262851.1462,4194304.000000001,1,"the architecture of a computer. Like a computer, the human brain is in a constant state of evolution..."
wild,0.44,0.085,0.51503125,32278881.295922082,51150.04878048784,1,the architecture of a computer. The brain is an organ that has a function and the function is to pro...
wild,0.44,0.09,0.51503125,36607672.975516215,54471.480519480516,1,the architecture of a computer. The brain is an organ that has a function and the function is to pro...
wild,0.44,0.095,0.51503125,41010359.2063581,57653.6632302405,1,the architecture of a computer. The brain is an organ that has a function and the function is to pro...
wild,0.44,0.1,0.51503125,43669983.76350637,59493.673758865254,1,the architecture of a computer. The brain is an organ that has a function and the function is to pro...
wild,0.445,0.01,0.5129349999999999,33300298.70729384,51941.845201238364,1,"clockwork—a complex network of neural connections orchestrated by neurotransmitters, charged ions an..."
wild,0.445,0.015,0.5104075,33247449.317440145,51941.845201238364,1,"clockwork—a complex network of neural connections orchestrated by neurotransmitters, charged ions an..."
wild,0.445,0.02,0.5104075,33247385.738867413,51941.845201238364,1,"clockwork—a complex network of neural connections orchestrated by neurotransmitters, charged ions an..."
wild,0.445,0.025,0.5107812500000001,44171711.75877521,51941.845201238364,1,"clockwork—a complex network of neural connections orchestrated by neurotransmitters, charged ions an..."
wild,0.445,0.03,0.51133625,43126365.40868509,52265.470404984444,1,"clockwork—a complex network of neural connections orchestrated by neurotransmitters, charged ions an..."
wild,0.445,0.035,0.52001625,33821413.23316137,52265.470404984444,1,"clockwork—a complex network of neural connections orchestrated by neurotransmitters, charged atoms a..."
wild,0.445,0.04,0.5186487499999999,33271797.247840483,51941.845201238364,1,"clockwork—a complex network of neural connections orchestrated by neurotransmitters, charged atoms a..."
wild,0.445,0.045,0.5143337499999999,217136551800.5141,4194304.000000001,1,the architecture of computers: networks of neurons are connected together to form circuits that are ...
wild,0.445,0.05,0.5160862500000001,88714.44466811125,2621.4400000000005,1,"the architecture of a computer. Researchers have found that when one side of your brain is damaged, ..."
wild,0.445,0.055,0.5145312499999999,38478.084111736425,1766.7666385846671,1,"the architecture of a computer. Like computers, the human brain has a central processing unit (CPU) ..."
wild,0.445,0.06,0.5131224999999999,289.06636399005055,92.23926812104149,1,"the architecture of a computer. Like computers, the human brain has a central processing unit (CPU) ..."
wild,0.445,0.065,0.51527125,868601079703.0924,8388608.000000002,1,"the architecture of a computer. Like a computer, the human brain is in a constant state of evolution..."
wild,0.445,0.07,0.51628375,129752274033.54208,2796202.666666669,4,"the architecture of a computer. Like a computer, the human brain is in a constant state of evolution..."
wild,0.445,0.075,0.5161487499999999,217101542404.61963,4194304.000000001,1,"the architecture of a computer. Like a computer, the human brain is in a constant state of evolution..."
wild,0.445,0.08,0.51503125,33080875.71957606,51781.530864197564,1,the architecture of a computer. The brain is an organ that has a function and the function is to pro...
wild,0.445,0.085,0.51503125,37825949.75290564,55370.349834983484,1,the architecture of a computer. The brain is an organ that has a function and the function is to pro...
wild,0.445,0.09,0.51503125,42161600.1720052,58457.198606271726,1,the architecture of a computer. The brain is an organ that has a function and the function is to pro...
wild,0.445,0.095,0.51503125,45921724.129192516,61008.05818181818,1,the architecture of a computer. The brain is an organ that has a function and the function is to pro...
wild,0.445,0.1,0.51503125,50980957.13990943,64280.52107279688,1,the architecture of a computer. The brain is an organ that has a function and the function is to pro...
wild,0.45,0.01,0.5129349999999999,33300288.430885155,51941.845201238364,1,"clockwork—a complex network of neural connections orchestrated by neurotransmitters, charged ions an..."
wild,0.45,0.015,0.5104075,33247319.029523395,51941.845201238364,1,"clockwork—a complex network of neural connections orchestrated by neurotransmitters, charged ions an..."
wild,0.45,0.02,0.5104075,33247286.240746826,51941.845201238364,1,"clockwork—a complex network of neural connections orchestrated by neurotransmitters, charged ions an..."
wild,0.45,0.025,0.51133625,43828009.952187985,51941.845201238364,1,"clockwork—a complex network of neural connections orchestrated by neurotransmitters, charged ions an..."
wild,0.45,0.03,0.5114799999999999,33813946.45017401,52265.470404984444,1,"clockwork—a complex network of neural connections orchestrated by neurotransmitters, charged atoms a..."
wild,0.45,0.035,0.518595,33680891.869023316,52265.470404984444,1,"clockwork—a complex network of neural connections orchestrated by neurotransmitters, charged atoms a..."
wild,0.45,0.04,0.51483375,217137583216.4838,4194304.000000001,1,the architecture of computers: networks of neurons are connected together to form circuits that are ...
wild,0.45,0.045,0.5146725,358513029.1672529,164482.50980392154,1,the architecture of computers: networks of neurons are connected together to form circuits that are ...
wild,0.45,0.05,0.513285,19319.10188321023,871.6342477140486,1,"the architecture of a computer. Like computers, brains receive inputs, process these inputs and gene..."
wild,0.45,0.055,0.5131224999999999,283.30478615660786,91.65874125874124,1,"the architecture of a computer. Like computers, the human brain has a central processing unit (CPU) ..."
wild,0.45,0.06,0.51527125,868600981082.5846,8388608.000000002,1,"the architecture of a computer. Like a computer, the human brain is in a constant state of evolution..."
wild,0.45,0.065,0.51628375,129752468974.6645,2796202.666666669,4,"the architecture of a computer. Like a computer, the human brain is in a constant state of evolution..."
wild,0.45,0.07,0.51537125,217118487208.19873,4194304.000000001,1,"the architecture of a computer. Like a computer, the human brain is in a constant state of evolution..."
wild,0.45,0.075,0.51503125,33913121.77883819,52428.80000000003,1,the architecture of a computer. The brain is an organ that has a function and the function is to pro...
wild,0.45,0.08,0.51503125,38330192.610001475,55738.25913621266,1,the architecture of a computer. The brain is an organ that has a function and the function is to pro...
wild,0.45,0.085,0.51503125,44296224.62911189,59918.62857142861,1,the architecture of a computer. The brain is an organ that has a function and the function is to pro...
wild,0.45,0.09,0.51503125,49453392.28343289,63310.2490566038,1,the architecture of a computer. The brain is an organ that has a function and the function is to pro...
wild,0.45,0.095,0.5152794520547945,236752242.43173453,115704.93793103454,1,the architecture of a computer. The brain is an organ that has a function and the function is to pro...
wild,0.45,0.1,0.5152794520547945,258714365.76241505,121574.02898550735,1,the architecture of a computer. The brain is an organ that has a function and the function is to pro...
wild,0.455,0.01,0.5129349999999999,33300289.934776314,51941.845201238364,1,"clockwork—a complex network of neural connections orchestrated by neurotransmitters, charged ions an..."
wild,0.455,0.015,0.5104075,33246472.607087545,51941.845201238364,1,"clockwork—a complex network of neural connections orchestrated by neurotransmitters, charged ions an..."
wild,0.455,0.02,0.5107812500000001,44550045.30323051,51941.845201238364,1,"clockwork—a complex network of neural connections orchestrated by neurotransmitters, charged ions an..."
wild,0.455,0.025,0.51133625,42843793.35193397,51941.845201238364,1,"clockwork—a complex network of neural connections orchestrated by neurotransmitters, charged ions an..."
wild,0.455,0.03,0.52001625,33817975.88658533,52265.470404984444,1,"clockwork—a complex network of neural connections orchestrated by neurotransmitters, charged atoms a..."
wild,0.455,0.035,0.51734375,33497747.970041923,51941.845201238364,1,"clockwork—a complex network of neural connections orchestrated by neurotransmitters, charged atoms a..."
wild,0.455,0.04,0.514,217129767758.6678,4194304.000000001,1,the architecture of computers: networks of neurons are connected together to form circuits that are ...
wild,0.455,0.045,0.5126912499999999,739.5384929975522,159.45498783454988,1,the architecture of a computer. Researchers have now developed a mathematical framework for understa...
wild,0.455,0.05,0.5131224999999999,285.71399621538444,92.49964714184901,1,"the architecture of a computer. Like computers, the human brain has a central processing unit (CPU) ..."
wild,0.455,0.055,0.51527125,868600874682.0378,8388608.000000002,1,"the architecture of a computer. Like a computer, the human brain is in a constant state of evolution..."
wild,0.455,0.06,0.51527125,868600517365.8997,8388608.000000002,1,"the architecture of a computer. Like a computer, the human brain is in a constant state of evolution..."
wild,0.455,0.065,0.51537125,217118350934.32574,4194304.000000001,1,"the architecture of a computer. Like a computer, the human brain is in a constant state of evolution..."
wild,0.455,0.07,0.5194982456140351,16870293.690846108,26886.56410256408,1,"the architecture of a computer. Like a computer, the human brain is in a constant state of evolution..."
wild,0.455,0.075,0.51503125,41010231.89728427,57653.6632302405,1,the architecture of a computer. The brain is an organ that has a function and the function is to pro...
wild,0.455,0.08,0.51503125,45260797.29541863,60567.566787003576,1,the architecture of a computer. The brain is an organ that has a function and the function is to pro...
wild,0.455,0.085,0.5152794520547945,231681647.90866092,114912.43835616444,1,the architecture of a computer. The brain is an organ that has a function and the function is to pro...
wild,0.455,0.09,0.5152794520547945,250871723.92643565,118987.34751773052,1,the architecture of a computer. The brain is an organ that has a function and the function is to pro...
wild,0.455,0.095,0.5152794520547945,271750062.74391836,124275.67407407398,1,the architecture of a computer. The brain is an organ that has a function and the function is to pro...
wild,0.455,0.1,0.5152794520547945,297239140.96109074,130055.93798449608,1,the architecture of a computer. The brain is an organ that has a function and the function is to pro...
wild,0.46,0.01,0.5129349999999999,33300503.401070792,51941.845201238364,1,"clockwork—a complex network of neural connections orchestrated by neurotransmitters, charged ions an..."
wild,0.46,0.015,0.5104075,33246648.533795662,51941.845201238364,1,"clockwork—a complex network of neural connections orchestrated by neurotransmitters, charged ions an..."
wild,0.46,0.02,0.51133625,44188196.86606945,51941.845201238364,1,"clockwork—a complex network of neural connections orchestrated by neurotransmitters, charged ions an..."
wild,0.46,0.025,0.5114799999999999,33818568.54290164,52265.470404984444,1,"clockwork—a complex network of neural connections orchestrated by neurotransmitters, charged atoms a..."
wild,0.46,0.03,0.517815,33679153.453039035,52265.470404984444,1,"clockwork—a complex network of neural connections orchestrated by neurotransmitters, charged atoms a..."
wild,0.46,0.035,0.514,217129144544.81503,4194304.000000001,1,the architecture of computers: networks of neurons are connected together to form circuits that are ...
wild,0.46,0.04,0.51067125,14061.549860382138,834.8535031847134,1,the architecture of computers: networks of neurons are connected together to form circuits that are ...
wild,0.46,0.045,0.5131224999999999,281.2506247636822,91.40306834030682,1,"the architecture of a computer. Like computers, the human brain has a central processing unit (CPU) ..."
wild,0.46,0.05,0.5131224999999999,301.4690504008334,86.91777188328915,1,"the architecture of a computer. Like computers, the human brain has a central processing unit (CPU) ..."
wild,0.46,0.055,0.51527125,868600225327.6448,8388608.000000002,1,"the architecture of a computer. Like a computer, the human brain is in a constant state of evolution..."
wild,0.46,0.06,0.5184012499999999,217070003787.47635,4194304.000000001,1,"the architecture of a computer. Like a computer, the human brain is in a constant state of evolution..."
wild,0.46,0.065,0.5194982456140351,17018303.442291133,26886.56410256408,1,"the architecture of a computer. Like a computer, the human brain is in a constant state of evolution..."
wild,0.46,0.07,0.51503125,42755196.82857327,58867.42456140352,1,the architecture of a computer. The brain is an organ that has a function and the function is to pro...
wild,0.46,0.075,0.51503125,47993130.61173617,62368.832713754615,1,the architecture of a computer. The brain is an organ that has a function and the function is to pro...
wild,0.46,0.08,0.5152794520547945,237666587.2426685,115704.93793103454,1,the architecture of a computer. The brain is an organ that has a function and the function is to pro...
wild,0.46,0.085,0.5152794520547945,260731027.49387497,121574.02898550735,1,the architecture of a computer. The brain is an organ that has a function and the function is to pro...
wild,0.46,0.09,0.5152794520547945,293152496.7266097,129055.50769230766,1,the architecture of a computer. The brain is an organ that has a function and the function is to pro...
wild,0.46,0.095,0.5152794520547945,313866851.787317,134217.72800000012,1,the architecture of a computer. The brain is an organ that has a function and the function is to pro...
wild,0.46,0.1,0.5152794520547945,332026569.81028724,137518.16393442612,1,the architecture of a computer. The brain is an organ that has a function and the function is to pro...
wild,0.465,0.01,0.5104075,33246158.488175243,51941.845201238364,1,"clockwork—a complex network of neural connections orchestrated by neurotransmitters, charged ions an..."
wild,0.465,0.015,0.51153375,44945400.462686084,51941.845201238364,1,"clockwork—a complex network of neural connections orchestrated by neurotransmitters, charged ions an..."
wild,0.465,0.02,0.51133625,43371748.53301948,51941.845201238364,1,"clockwork—a complex network of neural connections orchestrated by neurotransmitters, charged ions an..."
wild,0.465,0.025,0.5175625,41947496.3368846,52265.470404984444,1,"clockwork—a complex network of neural connections orchestrated by neurotransmitters, charged atoms a..."
wild,0.465,0.03,0.51397125,33689507.94817999,52265.470404984444,1,"clockwork—a complex network of neural connections orchestrated by neurotransmitters, charged atoms a..."
wild,0.465,0.035,0.51067125,13890.37915513934,832.2031746031744,1,the architecture of computers: networks of neurons are connected together to form circuits that are ...
wild,0.465,0.04,0.5164700000000001,443.74850036476437,115.68578993821717,1,the architecture of a computer. Researchers have now developed a mathematical framework for understa...
wild,0.465,0.045,0.5131224999999999,301.1418291735796,86.34519104084322,1,"the architecture of a computer. Like computers, the human brain has a central processing unit (CPU) ..."
wild,0.465,0.05,0.51527125,868600030693.7036,8388608.000000002,1,"the architecture of a computer. Like a computer, the human brain is in a constant state of evolution..."
wild,0.465,0.055,0.514455,898879730051.1624,8388608.000000002,1,"the architecture of a computer. Like a computer, the human brain is in a constant state of evolution..."
wild,0.465,0.06,0.5194982456140351,17179079.406649843,27060.025806451613,1,"the architecture of a computer. Like a computer, the human brain is in a constant state of evolution..."
wild,0.465,0.065,0.51503125,43980985.10579331,59705.395017793635,1,the architecture of a computer. The brain is an organ that has a function and the function is to pro...
wild,0.465,0.07,0.5152794520547945,222796074.19552863,111848.10666666673,1,the architecture of a computer. The brain is an organ that has a function and the function is to pro...
wild,0.465,0.075,0.5152794520547945,255385212.91692635,120699.39568345332,1,the architecture of a computer. The brain is an organ that has a function and the function is to pro...
wild,0.465,0.08,0.5152794520547945,284063974.38112766,127100.12121212129,1,the architecture of a computer. The brain is an organ that has a function and the function is to pro...
wild,0.465,0.085,0.5152794520547945,306322695.0673645,132104.06299212604,1,the architecture of a computer. The brain is an organ that has a function and the function is to pro...
wild,0.465,0.09,0.5152794520547945,331306601.81703377,137518.16393442612,1,the architecture of a computer. The brain is an organ that has a function and the function is to pro...
wild,0.465,0.095,0.5152794520547945,359483160.02011615,143395.00854700856,1,the architecture of a computer. The brain is an organ that has a function and the function is to pro...
wild,0.465,0.1,0.51777875,3566.3725783321984,443.93564775613885,1,the architecture of a computer. The brain is an organ that has a function and the function is to pro...
wild,0.47,0.01,0.5104075,33245036.9005242,51941.845201238364,1,"clockwork—a complex network of neural connections orchestrated by neurotransmitters, charged ions an..."
wild,0.47,0.015,0.5107975,44545406.95594919,51941.845201238364,1,"clockwork—a complex network of neural connections orchestrated by neurotransmitters, charged ions an..."
wild,0.47,0.02,0.51278125,38246610.93445671,51941.845201238364,4,"clockwork—a complex network of neural connections orchestrated by neurotransmitters, charged atoms a..."
wild,0.47,0.025,0.517815,33679163.37210585,52265.470404984444,1,"clockwork—a complex network of neural connections orchestrated by neurotransmitters, charged atoms a..."
wild,0.47,0.03,0.5111999999999999,497595.38143108756,6293.029257314327,1,the architecture of computers: networks of neurons are connected together to form circuits that are ...
wild,0.47,0.035,0.513,7293.6558264128425,620.459171597633,1,the architecture of a computer. Researchers have now developed a mathematical framework for understa...
wild,0.47,0.04,0.51399375,931501.6334814314,8692.858031088075,1,the architecture of a computer. Researchers have now developed a mathematical framework for understa...
wild,0.47,0.045,0.51527125,868599608866.7133,8388608.000000002,1,"the architecture of a computer. Like a computer, the human brain is in a constant state of evolution..."
wild,0.47,0.05,0.5131937499999999,898874407532.283,8388608.000000002,1,"the architecture of a computer. Like a computer, the human brain is in a constant state of evolution..."
wild,0.47,0.055,0.5194982456140351,17181869.478007212,27060.025806451613,1,"the architecture of a computer. Like a computer, the human brain is in a constant state of evolution..."
wild,0.47,0.06,0.51503125,47992910.57008201,62368.832713754615,1,the architecture of a computer. The brain is an organ that has a function and the function is to pro...
wild,0.47,0.065,0.5152794520547945,235683855.4675361,114912.43835616444,1,the architecture of a computer. The brain is an organ that has a function and the function is to pro...
wild,0.47,0.07,0.5152794520547945,269262051.8933602,123361.88235294129,1,the architecture of a computer. The brain is an organ that has a function and the function is to pro...
wild,0.47,0.075,0.5152794520547945,298488412.517048,130055.93798449608,1,the architecture of a computer. The brain is an organ that has a function and the function is to pro...
wild,0.47,0.08,0.5152794520547945,327201642.62021077,136400.1300813008,1,the architecture of a computer. The brain is an organ that has a function and the function is to pro...
wild,0.47,0.085,0.5152794520547945,360290926.47036153,143395.00854700856,1,the architecture of a computer. The brain is an organ that has a function and the function is to pro...
wild,0.47,0.09,0.5152794520547945,384353359.40753216,148470.93805309734,1,the architecture of a computer. The brain is an organ that has a function and the function is to pro...
wild,0.47,0.095,0.51777875,4118.949301251772,490.4471468662301,1,the architecture of a computer. The brain is an organ that has a function and the function is to pro...
wild,0.47,0.1,0.51777875,4523.322001085157,513.7560019598236,1,the architecture of a computer. The brain is an organ that has a function and the function is to pro...
wild,0.475,0.01,0.5104075,33246210.697734546,51941.845201238364,1,"clockwork—a complex network of neural connections orchestrated by neurotransmitters, charged ions an..."
wild,0.475,0.015,0.51133625,43787526.56147566,51941.845201238364,1,"clockwork—a complex network of neural connections orchestrated by neurotransmitters, charged ions an..."
wild,0.475,0.02,0.517815,33676694.331799574,52265.470404984444,1,"clockwork—a complex network of neural connections orchestrated by neurotransmitters, charged atoms a..."
wild,0.475,0.025,0.51606,33712104.42777809,52265.470404984444,1,"clockwork—a complex network of neural connections orchestrated by neurotransmitters, charged atoms a..."
wild,0.475,0.03,0.5085200000000001,3788.458544083895,392.431137724551,1,"the architecture of computers: networks of neurons are connected in specific ways, in order to proce..."
wild,0.475,0.035,0.51399375,911397.0089695711,8599.290620194777,1,the architecture of a computer. Researchers have now developed a mathematical framework for understa...
wild,0.475,0.04,0.5120275,868577182246.9142,8388608.000000002,1,"the architecture of a computer. Like a computer, the human brain is in a constant state of evolution..."
wild,0.475,0.045,0.51488625,898872029349.8457,8388608.000000002,1,"the architecture of a computer. Like a computer, the human brain is in a constant state of evolution..."
wild,0.475,0.05,0.5194982456140351,17346548.887870833,27235.740259740254,1,"the architecture of a computer. Like a computer, the human brain is in a constant state of evolution..."
wild,0.475,0.055,0.5129462499999999,239884.02883269833,4391.94136125654,1,"the architecture of a computer. Like a computer, the human brain is in a constant state of “data in,..."
wild,0.475,0.06,0.5152794520547945,257888639.67721123,120699.39568345332,1,the architecture of a computer. The brain is an organ that has a function and the function is to pro...
wild,0.475,0.065,0.5152794520547945,292544366.3441264,129055.50769230766,1,the architecture of a computer. The brain is an organ that has a function and the function is to pro...
wild,0.475,0.07,0.5152794520547945,327201461.4236781,136400.1300813008,1,the architecture of a computer. The brain is an organ that has a function and the function is to pro...
wild,0.475,0.075,0.5152794520547945,360289425.0061781,143395.00854700856,1,the architecture of a computer. The brain is an organ that has a function and the function is to pro...
wild,0.475,0.08,0.5152794520547945,387029484.00709724,148470.93805309734,1,the architecture of a computer. The brain is an organ that has a function and the function is to pro...
wild,0.475,0.085,0.51777875,4199.570715028151,505.09441233140655,1,the architecture of a computer. The brain is an organ that has a function and the function is to pro...
wild,0.475,0.09,0.51777875,4681.1930770797535,529.3165068147399,1,the architecture of a computer. The brain is an organ that has a function and the function is to pro...
wild,0.475,0.095,0.51777875,5077.542193260235,551.3017875920084,1,the architecture of a computer. The brain is an organ that has a function and the function is to pro...
wild,0.475,0.1,0.51542,8432.877448398034,760.9404934687951,1,"the architecture of a computer. In the case of a computer, the hardware (the computer and the softwa..."
wild,0.48,0.01,0.5107975,44944068.39155737,51941.845201238364,1,"clockwork—a complex network of neural connections orchestrated by neurotransmitters, charged ions an..."
wild,0.48,0.015,0.5127875000000001,35540692.51803565,51941.845201238364,1,"clockwork—a complex network of neural connections orchestrated by neurotransmitters, charged atoms a..."
wild,0.48,0.02,0.51763375,33856735.647376105,52265.470404984444,1,"clockwork—a complex network of neural connections orchestrated by neurotransmitters, charged atoms a..."
wild,0.48,0.025,0.5082962499999999,3997.8739687553125,429.74426229508214,1,"the architecture of computers: networks of neurons are connected in specific ways, in order to proce..."
wild,0.48,0.03,0.51399375,944765.5552320909,8756.375782881007,1,the architecture of a computer. Researchers have now developed a mathematical framework for understa...
wild,0.48,0.035,0.51666375,539867.8350957992,5044.262176788931,1,the architecture of a computer. Researchers have now developed a mathematical framework for understa...
wild,0.48,0.04,0.5129724999999999,957787665706.0598,8388608.000000002,1,"the architecture of a computer. Like a computer, the human brain is in a constant state of evolution..."
wild,0.48,0.045,0.5129462499999999,232148.13832996468,4319.571575695159,1,"the architecture of a computer. Like a computer, the human brain is in a constant state of “data in,..."
wild,0.48,0.05,0.5129462499999999,262666.42645256047,4599.017543859652,1,"the architecture of a computer. Like a computer, the human brain is in a constant state of “data in,..."
wild,0.48,0.055,0.5152794520547945,280637978.1205747,125203.10447761191,1,the architecture of a computer. The brain is an organ that has a function and the function is to pro...
wild,0.48,0.06,0.5152794520547945,319286716.3690323,134217.72800000012,1,the architecture of a computer. The brain is an organ that has a function and the function is to pro...
wild,0.48,0.065,0.5152794520547945,361105237.7225233,143395.00854700856,1,the architecture of a computer. The brain is an organ that has a function and the function is to pro...
wild,0.48,0.07,0.5152794520547945,387029418.7699649,148470.93805309734,1,the architecture of a computer. The brain is an organ that has a function and the function is to pro...
wild,0.48,0.075,0.51777875,4442.318379053752,529.3165068147399,1,the architecture of a computer. The brain is an organ that has a function and the function is to pro...
wild,0.48,0.08,0.51777875,4884.470466500699,552.4636459430978,1,the architecture of a computer. The brain is an organ that has a function and the function is to pro...
wild,0.48,0.085,0.51777875,5391.0266642910665,576.4573941726225,1,the architecture of a computer. The brain is an organ that has a function and the function is to pro...
wild,0.48,0.09,0.51542,8493.320848112297,765.3839416058391,1,"the architecture of a computer. In the case of a computer, the hardware (the computer and the softwa..."
wild,0.48,0.095,0.51542,8482.919566559098,764.2682215743442,1,"the architecture of a computer. In the case of a computer, the hardware (the computer and the softwa..."
wild,0.48,0.1,0.51542,8536.891757420362,769.3147468818779,1,"the architecture of a computer. In the case of a computer, the hardware (the computer and the softwa..."
wild,0.485,0.01,0.5123675000000001,35088170.31046688,51941.845201238364,1,"clockwork—a complex network of neural connections orchestrated by neurotransmitters, charged ions an..."
wild,0.485,0.015,0.5160325,36115980.34839328,51941.845201238364,1,"clockwork—a complex network of neural connections orchestrated by neurotransmitters, charged atoms a..."
wild,0.485,0.02,0.5149475,385978171793.9159,5592405.333333328,1,"clockwork—a complex network of neural connections orchestrated by neurotransmitters, in order to car..."
wild,0.485,0.025,0.51409125,9054243.335798515,27016.450885668284,1,the architecture of computers: networks of neurons in the brain that have a function are connected t...
wild,0.485,0.03,0.5171425,281379.64583868167,4609.125274725272,1,the architecture of a computer. Researchers have now developed a mathematical framework for understa...
wild,0.485,0.035,0.512805,957781755257.1276,8388608.000000002,1,"the architecture of a computer. Like a computer, the human brain is in a constant state of evolution..."
wild,0.485,0.04,0.5129462499999999,262879.0734578849,4601.540318156885,1,"the architecture of a computer. Like a computer, the human brain is in a constant state of “data in,..."
wild,0.485,0.045,0.5129462499999999,297994.19904757844,4902.751607247225,1,"the architecture of a computer. Like a computer, the human brain is in a constant state of “data in,..."
wild,0.485,0.05,0.5152794520547945,312462639.0298516,132104.06299212604,1,the architecture of a computer. The brain is an organ that has a function and the function is to pro...
wild,0.485,0.055,0.5152794520547945,357281879.0606273,142179.7966101696,1,the architecture of a computer. The brain is an organ that has a function and the function is to pro...
wild,0.485,0.06,0.5152794520547945,389828956.9143467,148470.93805309734,1,the architecture of a computer. The brain is an organ that has a function and the function is to pro...
wild,0.485,0.065,0.51777875,4723.816969939633,559.5389541088581,1,the architecture of a computer. The brain is an organ that has a function and the function is to pro...
wild,0.485,0.07,0.51777875,5243.873916557467,585.1428571428571,1,the architecture of a computer. The brain is an organ that has a function and the function is to pro...
wild,0.485,0.075,0.51777875,5675.388013185285,603.6706966033393,1,the architecture of a computer. The brain is an organ that has a function and the function is to pro...
wild,0.485,0.08,0.51777875,6116.203640947196,620.8265245707521,1,the architecture of a computer. The brain is an organ that has a function and the function is to pro...
wild,0.485,0.085,0.51542,8551.388172175544,768.1875457875457,1,"the architecture of a computer. In the case of a computer, the hardware (the computer and the softwa..."
wild,0.485,0.09,0.51542,8681.202213888562,776.1480384900073,1,"the architecture of a computer. In the case of a computer, the hardware (the computer and the softwa..."
wild,0.485,0.095,0.51542,8710.007301989437,776.7229629629626,1,"the architecture of a computer. In the case of a computer, the hardware (the computer and the softwa..."
wild,0.485,0.1,0.51542,8679.656864232607,776.1480384900073,1,"the architecture of a computer. In the case of a computer, the hardware (the computer and the softwa..."
wild,0.49,0.01,0.5162275000000001,35429406.35151549,51941.845201238364,1,"clockwork—a complex network of neural connections orchestrated by neurotransmitters, charged atoms a..."
wild,0.49,0.015,0.51646875,54410626.404327214,52265.470404984444,1,"clockwork—a complex network of neural connections orchestrated by neurotransmitters, in accordance w..."
wild,0.49,0.02,0.51289375,53711.16004403167,1923.9926605504588,1,the architecture of computers: networks of neurons in the brain that have a function are connected t...
wild,0.49,0.025,0.5161512500000001,556337269.136948,212369.82278481,1,the architecture of a computer. Researchers have now developed a mathematical framework for understa...
wild,0.49,0.03,0.513335,259208.00638031046,4581.4352812670695,1,the architecture of a computer. Researchers have now developed a mathematical framework for understa...
wild,0.49,0.035,0.51275,389779.2920903216,5008.124179104475,1,"the architecture of a computer. Like a computer, the human brain is in a constant state of “data in,..."
wild,0.49,0.04,0.5129462499999999,342928.5866239296,5262.614805520702,1,"the architecture of a computer. Like a computer, the human brain is in a constant state of “data in,..."
wild,0.49,0.045,0.5129462499999999,372894.88597903954,5489.92670157068,1,"the architecture of a computer. Like a computer, the human brain is in a constant state of “data in,..."
wild,0.49,0.05,0.5152794520547945,398055436.72859746,149796.5714285714,1,the architecture of a computer. The brain is an organ that has a function and the function is to pro...
wild,0.49,0.055,0.51777875,5068.209312165055,594.0940509915015,1,the architecture of a computer. The brain is an organ that has a function and the function is to pro...
wild,0.49,0.06,0.5150750000000001,240597.96909467812,4385.053842132774,1,the architecture of a computer. The brain is an organ that has a function and the function is to pro...
wild,0.49,0.065,0.5150750000000001,266216.4254872019,4614.195819581959,1,the architecture of a computer. The brain is an organ that has a function and the function is to pro...
wild,0.49,0.07,0.5150750000000001,290704.59073219687,4823.811385853939,1,the architecture of a computer. The brain is an organ that has a function and the function is to pro...
wild,0.49,0.075,0.5150750000000001,309649.25493060297,4978.402373887237,1,the architecture of a computer. The brain is an organ that has a function and the function is to pro...
wild,0.49,0.08,0.51542,8768.714930208505,781.3532041728761,1,"the architecture of a computer. In the case of a computer, the hardware (the computer and the softwa..."
wild,0.49,0.085,0.51542,8801.665964674194,781.9358687546609,1,"the architecture of a computer. In the case of a computer, the hardware (the computer and the softwa..."
wild,0.49,0.09,0.51542,8775.852630294099,781.9358687546609,1,"the architecture of a computer. In the case of a computer, the hardware (the computer and the softwa..."
wild,0.49,0.095,0.51542,8778.727138407934,781.9358687546609,1,"the architecture of a computer. In the case of a computer, the hardware (the computer and the softwa..."
wild,0.49,0.1,0.51542,8893.83753670094,787.219219219219,1,"the architecture of a computer. In the case of a computer, the hardware (the computer and the softwa..."
wild,0.495,0.01,0.51359625,33260628.786812317,51941.845201238364,2,"clockwork—a complex network of neural connections orchestrated by neurotransmitters, charged atoms a..."
wild,0.495,0.015,0.51546625,386026752895.23,5592405.333333328,1,clockwork—a complex network of neural connections that process and analyze the information in the en...
wild,0.495,0.02,0.5128425,34553565.43228785,52924.97160883284,1,the architecture of computers: networks of neurons in the brain that have a function are the equival...
wild,0.495,0.025,0.51494125,44820895.26357394,60133.39068100362,1,the architecture of a computer. Researchers have now developed a mathematical framework for understa...
wild,0.495,0.03,0.51275,435950.02230484167,5577.531914893621,1,"the architecture of a computer. Like a computer, the human brain is in a constant state of “data in,..."
wild,0.495,0.035,0.5129462499999999,412743.79501000594,5777.2782369146025,1,"the architecture of a computer. Like a computer, the human brain is in a constant state of “data in,..."
wild,0.495,0.04,0.5122525,439875.6849673128,5919.977417078329,1,"the architecture of a computer. Like a computer, the human brain is in a constant state of “data in,..."
wild,0.495,0.045,0.5150750000000001,207657.54938571315,4064.2480620155006,1,the architecture of a computer. The brain is an organ that has a function and the function is to pro...
wild,0.495,0.05,0.5150750000000001,237636.6385182683,4350.9377593361005,1,the architecture of a computer. The brain is an organ that has a function and the function is to pro...
wild,0.495,0.055,0.5150750000000001,271924.14447165624,4657.750138811773,1,the architecture of a computer. The brain is an organ that has a function and the function is to pro...
wild,0.495,0.06,0.5150750000000001,299539.099491277,4891.316618075804,1,the architecture of a computer. The brain is an organ that has a function and the function is to pro...
wild,0.495,0.065,0.5150750000000001,319138.81927835045,5050.335942203488,1,the architecture of a computer. The brain is an organ that has a function and the function is to pro...
wild,0.495,0.07,0.5150750000000001,340165.97070273524,5216.796019900497,1,the architecture of a computer. The brain is an organ that has a function and the function is to pro...
wild,0.495,0.075,0.51542,8885.366680802643,787.219219219219,1,"the architecture of a computer. In the case of a computer, the hardware (the computer and the softwa..."
wild,0.495,0.08,0.51542,8872.781353601362,786.0389805097453,1,"the architecture of a computer. In the case of a computer, the hardware (the computer and the softwa..."
wild,0.495,0.085,0.51542,8837.261068460899,785.4501872659174,1,"the architecture of a computer. In the case of a computer, the hardware (the computer and the softwa..."
wild,0.495,0.09,0.51542,8769.860731804025,781.9358687546609,1,"the architecture of a computer. In the case of a computer, the hardware (the computer and the softwa..."
wild,0.495,0.095,0.51542,8767.39622479799,781.9358687546609,1,"the architecture of a computer. In the case of a computer, the hardware (the computer and the softwa..."
wild,0.495,0.1,0.51542,8769.80087872342,781.9358687546609,1,"the architecture of a computer. In the case of a computer, the hardware (the computer and the softwa..."
wild,0.5,0.01,0.51536,857876.608944606,7745.713758079404,1,clockwork—a complex network of neural connections that process and store the information that contro...
wild,0.5,0.015,0.513255,18600.178268972417,1145.3588203167672,1,the architecture of computers: networks of neurons in the brain that have a function are the equival...
wild,0.5,0.02,0.5180374999999999,93234687.47533219,86928.58031088085,2,the architecture of a computer. Researchers have now developed a new method for in silico modeling o...
wild,0.5,0.025,0.5166449999999999,345140.7220439062,5207.0813159528225,1,the architecture of a computer. Researchers at UC San Francisco have developed a new way to look ins...
wild,0.5,0.03,0.5122525,479244.2170885103,6186.289085545725,1,"the architecture of a computer. Like a computer, the human brain is in a constant state of “data in,..."
wild,0.5,0.035,0.5122525,492192.07298951707,6269.512705530647,1,"the architecture of a computer. Like a computer, the human brain is in a constant state of “data in,..."
wild,0.5,0.04,0.5150750000000001,237715.00855314458,4344.178146038319,1,the architecture of a computer. The brain is an organ that has a function and the function is to pro...
wild,0.5,0.045,0.5150750000000001,274693.0360739381,4675.924191750276,1,the architecture of a computer. The brain is an organ that has a function and the function is to pro...
wild,0.5,0.05,0.5150750000000001,308455.2621280198,4960.738024837377,1,the architecture of a computer. The brain is an organ that has a function and the function is to pro...
wild,0.5,0.055,0.5150750000000001,329152.3634093219,5127.5110024449905,1,the architecture of a computer. The brain is an organ that has a function and the function is to pro...
wild,0.5,0.06,0.5150750000000001,349878.3932593607,5289.160151324084,1,the architecture of a computer. The brain is an organ that has a function and the function is to pro...
wild,0.5,0.065,0.5151875,97469.16553558607,2624.7209011264085,1,the architecture of a computer. The brain is an organ that has a very specific and unique form and f...
wild,0.5,0.07,0.51542,8899.342849807614,787.8106686701725,1,"the architecture of a computer. In the case of a computer, the hardware (the computer and the softwa..."
wild,0.5,0.075,0.51542,8931.927958762562,789.5903614457833,1,"the architecture of a computer. In the case of a computer, the hardware (the computer and the softwa..."
wild,0.5,0.08,0.51542,8933.304105203784,789.5903614457833,1,"the architecture of a computer. In the case of a computer, the hardware (the computer and the softwa..."
wild,0.5,0.085,0.51542,8893.902604957628,788.9962377727612,1,"the architecture of a computer. In the case of a computer, the hardware (the computer and the softwa..."
wild,0.5,0.09,0.51542,8879.1910194005,788.4030075187968,1,"the architecture of a computer. In the case of a computer, the hardware (the computer and the softwa..."
wild,0.5,0.095,0.51542,8878.274858499932,788.4030075187968,1,"the architecture of a computer. In the case of a computer, the hardware (the computer and the softwa..."
wild,0.5,0.1,0.51542,8878.941785972302,788.4030075187968,1,"the architecture of a computer. In the case of a computer, the hardware (the computer and the softwa..."
wild,0.505,0.01,0.5128675000000001,2171062767.1878996,419430.4000000004,1,clockwork—a complex network of neural connections that orchestrate all the activities of the body an...
wild,0.505,0.015,0.5115987499999999,44233.46859836861,1665.7283558379665,1,"the architecture of computers: networks of small, local, and fast, in addition to a small number of ..."
wild,0.505,0.02,0.5117387499999999,1865976.9326429088,12291.000732600734,1,the architecture of a computer. Researchers at UC Berkeley have found a new and more efficient way t...
wild,0.505,0.025,0.5122525,525862.2339064452,6497.759876065062,1,"the architecture of a computer. Like a computer, the human brain is in a constant state of “data in,..."
wild,0.505,0.03,0.5125125,526999.7381886827,6497.759876065062,1,"the architecture of a computer. Like a computer, the human brain is in a constant state of “data in,..."
wild,0.505,0.035,0.5125125,527276.8978673706,6497.759876065062,1,"the architecture of a computer. Like a computer, the human brain is in a constant state of “data in,..."
wild,0.505,0.04,0.51459875,97742.48221234213,2632.95919648462,1,the architecture of a computer. The brain is an organ that has a very specific and unique form and f...
wild,0.505,0.045,0.5151875,98315.29369343013,2632.95919648462,1,the architecture of a computer. The brain is an organ that has a very specific and unique form and f...
wild,0.505,0.05,0.5151875,98668.28450494041,2632.95919648462,1,the architecture of a computer. The brain is an organ that has a very specific and unique form and f...
wild,0.505,0.055,0.5151875,100825.25508618081,2663.0501587301587,1,the architecture of a computer. The brain is an organ that has a very specific and unique form and f...
wild,0.505,0.06,0.5151875,101026.24051025181,2663.0501587301587,1,the architecture of a computer. The brain is an organ that has a very specific and unique form and f...
wild,0.505,0.065,0.5164925,101164.25433711875,2663.0501587301587,1,the architecture of a computer. The brain is an organ that has a very specific and unique form and f...
wild,0.505,0.07,0.51542,8865.498407362156,787.8106686701725,1,"the architecture of a computer. In the case of a computer, the hardware (the computer and the softwa..."
wild,0.505,0.075,0.51542,8865.317539565463,787.8106686701725,1,"the architecture of a computer. In the case of a computer, the hardware (the computer and the softwa..."
wild,0.505,0.08,0.51542,8863.762226380462,787.8106686701725,1,"the architecture of a computer. In the case of a computer, the hardware (the computer and the softwa..."
wild,0.505,0.085,0.51542,8863.400716897007,787.8106686701725,1,"the architecture of a computer. In the case of a computer, the hardware (the computer and the softwa..."
wild,0.505,0.09,0.51542,8863.648285826192,787.8106686701725,1,"the architecture of a computer. In the case of a computer, the hardware (the computer and the softwa..."
wild,0.505,0.095,0.51542,8862.070153342169,787.8106686701725,1,"the architecture of a computer. In the case of a computer, the hardware (the computer and the softwa..."
wild,0.505,0.1,0.51542,8862.067242670473,787.8106686701725,1,"the architecture of a computer. In the case of a computer, the hardware (the computer and the softwa..."
wild,0.51,0.01,0.516205,138955053003.59845,3355443.199999998,4,"clockwork. It is a delicate balance of grey and white matter, of the two hemispheres and the three l..."
wild,0.51,0.015,0.5149250000000001,217148283878.26953,4194304.000000001,1,the architecture of a computer. Researchers at UC Berkeley have found a new and improved model for a...
wild,0.51,0.02,0.5139475,4131045155.8774185,578524.6896551723,1,the architecture of a computer. Researchers at UC San Francisco have developed a new way to look ins...
wild,0.51,0.025,0.5125125,458926.7690981242,6074.299782766111,1,"the architecture of a computer. Like a computer, the human brain is in a constant state of “data in,..."
wild,0.51,0.03,0.5125125,473754.7484859905,6168.094117647057,1,"the architecture of a computer. Like a computer, the human brain is in a constant state of “data in,..."
wild,0.51,0.035,0.5151875,96739.63301347356,2589.0765432098774,1,the architecture of a computer. The brain is an organ that has a very specific and unique form and f...
wild,0.51,0.04,0.5151875,97081.35757708785,2592.276885043262,1,the architecture of a computer. The brain is an organ that has a very specific and unique form and f...
wild,0.51,0.045,0.5151875,99253.68604678611,2624.7209011264085,1,the architecture of a computer. The brain is an organ that has a very specific and unique form and f...
wild,0.51,0.05,0.5164925,99304.40059714374,2624.7209011264085,1,the architecture of a computer. The brain is an organ that has a very specific and unique form and f...
wild,0.51,0.055,0.5164925,99321.42481099823,2624.7209011264085,1,the architecture of a computer. The brain is an organ that has a very specific and unique form and f...
wild,0.51,0.06,0.51542,8899.57203205385,788.4030075187968,1,"the architecture of a computer. In the case of a computer, the hardware (the computer and the softwa..."
wild,0.51,0.065,0.51542,8872.50990682706,788.4030075187968,1,"the architecture of a computer. In the case of a computer, the hardware (the computer and the softwa..."
wild,0.51,0.07,0.51542,8880.955106574662,788.4030075187968,1,"the architecture of a computer. In the case of a computer, the hardware (the computer and the softwa..."
wild,0.51,0.075,0.51542,8888.010937021181,788.4030075187968,1,"the architecture of a computer. In the case of a computer, the hardware (the computer and the softwa..."
wild,0.51,0.08,0.51542,8885.585543609706,788.4030075187968,1,"the architecture of a computer. In the case of a computer, the hardware (the computer and the softwa..."
wild,0.51,0.085,0.51542,8890.882307996992,788.4030075187968,1,"the architecture of a computer. In the case of a computer, the hardware (the computer and the softwa..."
wild,0.51,0.09,0.51542,8898.422518598543,788.4030075187968,1,"the architecture of a computer. In the case of a computer, the hardware (the computer and the softwa..."
wild,0.51,0.095,0.51542,8898.277204650574,788.4030075187968,1,"the architecture of a computer. In the case of a computer, the hardware (the computer and the softwa..."
wild,0.51,0.1,0.51542,8898.387034122532,788.4030075187968,1,"the architecture of a computer. In the case of a computer, the hardware (the computer and the softwa..."
wild,0.515,0.01,0.5182800000000001,386047782131.4174,5592405.333333328,1,the architecture of a computer. Researchers at UC Berkeley have found a new and improved model for a...
wild,0.515,0.015,0.51894,386046350603.1351,5592405.333333328,1,the architecture of a computer. Researchers at UC Berkeley have found a new and improved model for a...
wild,0.515,0.02,0.5138412499999999,1320759.5778603894,9341.434298440987,1,"the architecture of a computer. Like a computer, the human brain is in a constant state of “data in,..."
wild,0.515,0.025,0.5137050000000001,1798118.3337568436,11015.900196979637,1,"the architecture of a computer. Like a computer, the human brain is in a constant state of “data in,..."
wild,0.515,0.03,0.516605,72546.39533145305,2340.571428571429,1,the architecture of a computer. The brain is an organ that has a very specific and unique form and f...
wild,0.515,0.035,0.51605375,75654.90849975715,2394.0091324200907,1,the architecture of a computer. The brain is an organ that has a very specific and unique form and f...
wild,0.515,0.04,0.51605375,81328.02420542325,2487.7247924080666,1,the architecture of a computer. The brain is an organ that has a very specific and unique form and f...
wild,0.515,0.045,0.51605375,81628.0623051463,2492.1592394533577,1,the architecture of a computer. The brain is an organ that has a very specific and unique form and f...
wild,0.515,0.05,0.51605375,82369.81917888645,2504.0620895522393,1,the architecture of a computer. The brain is an organ that has a very specific and unique form and f...
wild,0.515,0.055,0.51542,8860.611696728385,787.219219219219,1,"the architecture of a computer. In the case of a computer, the hardware (the computer and the softwa..."
wild,0.515,0.06,0.51542,8882.725347486683,786.6286571642914,1,"the architecture of a computer. In the case of a computer, the hardware (the computer and the softwa..."
wild,0.515,0.065,0.51542,8813.657697654648,785.4501872659174,1,"the architecture of a computer. In the case of a computer, the hardware (the computer and the softwa..."
wild,0.515,0.07,0.51542,8762.275849988997,781.9358687546609,1,"the architecture of a computer. In the case of a computer, the hardware (the computer and the softwa..."
wild,0.515,0.075,0.51542,8780.993117843307,781.9358687546609,1,"the architecture of a computer. In the case of a computer, the hardware (the computer and the softwa..."
wild,0.515,0.08,0.51542,8756.77356527132,781.9358687546609,1,"the architecture of a computer. In the case of a computer, the hardware (the computer and the softwa..."
wild,0.515,0.085,0.51542,8895.652212292545,788.4030075187968,1,"the architecture of a computer. In the case of a computer, the hardware (the computer and the softwa..."
wild,0.515,0.09,0.51542,8894.776105478511,788.4030075187968,1,"the architecture of a computer. In the case of a computer, the hardware (the computer and the softwa..."
wild,0.515,0.095,0.51542,8890.919851958199,787.8106686701725,1,"the architecture of a computer. In the case of a computer, the hardware (the computer and the softwa..."
wild,0.515,0.1,0.51542,8909.110455089332,789.5903614457833,1,"the architecture of a computer. In the case of a computer, the hardware (the computer and the softwa..."
wild,0.52,0.01,0.5201849999999999,21011.437032436188,1059.1676767676768,1,the architecture of a computer. Researchers at UC Berkeley have found a new neural network model tha...
wild,0.52,0.015,0.5174637499999999,46523917.20910038,56111.09030100339,1,the architecture of a computer. Researchers at UC San Francisco and UC Berkeley have developed a new...
wild,0.52,0.02,0.51477,834994.0792741766,8073.732435033681,1,"the architecture of a computer. Like a computer, the human brain is in a constant state of “data pro..."
wild,0.52,0.025,0.51394625,1265458.571001956,9325.85658699278,1,"the architecture of a computer. Like a computer, the human brain is in a constant state of “data in,..."
wild,0.52,0.03,0.5142925,15774.32909451215,997.693625118934,1,the architecture of a computer. The brain is an organ that has a function and the function is to pro...
wild,0.52,0.035,0.5142925,21429.1176429103,1180.1643218908278,1,the architecture of a computer. The brain is an organ that has a function and the function is to pro...
wild,0.52,0.04,0.5142925,26314.500135300834,1317.3065326633166,1,the architecture of a computer. The brain is an organ that has a function and the function is to pro...
wild,0.52,0.045,0.51542,8554.181203549217,765.3839416058391,1,"the architecture of a computer. In the case of a computer, the hardware (the computer and the softwa..."
wild,0.52,0.05,0.51542,8585.576006304376,769.8795888399414,1,"the architecture of a computer. In the case of a computer, the hardware (the computer and the softwa..."
wild,0.52,0.055,0.51542,8561.107754816947,768.1875457875457,1,"the architecture of a computer. In the case of a computer, the hardware (the computer and the softwa..."
wild,0.52,0.06,0.51542,8696.197752367158,776.7229629629626,1,"the architecture of a computer. In the case of a computer, the hardware (the computer and the softwa..."
wild,0.52,0.065,0.51542,8647.12916451325,775.0007390983003,1,"the architecture of a computer. In the case of a computer, the hardware (the computer and the softwa..."
wild,0.52,0.07,0.51542,8777.48267980042,782.5194029850746,1,"the architecture of a computer. In the case of a computer, the hardware (the computer and the softwa..."
wild,0.52,0.075,0.51542,8764.145712199443,781.9358687546609,1,"the architecture of a computer. In the case of a computer, the hardware (the computer and the softwa..."
wild,0.52,0.08,0.51542,8757.389854513278,781.9358687546609,1,"the architecture of a computer. In the case of a computer, the hardware (the computer and the softwa..."
wild,0.52,0.085,0.51542,8893.73902279641,787.219219219219,1,"the architecture of a computer. In the case of a computer, the hardware (the computer and the softwa..."
wild,0.52,0.09,0.51542,8873.963411755904,787.219219219219,1,"the architecture of a computer. In the case of a computer, the hardware (the computer and the softwa..."
wild,0.52,0.095,0.51542,8839.793849754275,786.6286571642914,1,"the architecture of a computer. In the case of a computer, the hardware (the computer and the softwa..."
wild,0.52,0.1,0.51542,8822.980785719792,785.4501872659174,1,"the architecture of a computer. In the case of a computer, the hardware (the computer and the softwa..."
wild,0.525,0.01,0.5183249999999999,1446857736.5041978,342392.16326530615,1,the architecture of a computer. Researchers at UC San Francisco and UC Berkeley have developed a com...
wild,0.525,0.015,0.52003375,75564.14723042755,2044.0077972709555,1,the architecture of a computer. Researchers at the University of Nottingham have revealed that the t...
wild,0.525,0.02,0.5154449999999999,39821.70846370341,1766.7666385846671,1,"the architecture of a computer. Like a computer, the human brain is capable of being both a producer..."
wild,0.525,0.025,0.51621375,469616138.68124026,195083.90697674433,1,the architecture of a computer. The brain is an organ that has a function and it does a particular j...
wild,0.525,0.03,0.51498,542794409.8741983,209715.20000000016,1,the architecture of a computer. The brain is an organ that has a function and it does a particular j...
wild,0.525,0.035,0.5142925,13150.945044788776,918.9973707274319,1,the architecture of a computer. The brain is an organ that has a function and the function is to pro...
wild,0.525,0.04,0.51806375,37626.859046574245,1582.7562264150945,5,"the architecture of a computer. In the case of a computer, the hardware (the computer and the softwa..."
wild,0.525,0.045,0.51806375,37835.12092611675,1582.7562264150945,5,"the architecture of a computer. In the case of a computer, the hardware (the computer and the softwa..."
wild,0.525,0.05,0.51806375,37926.48458991664,1582.7562264150945,5,"the architecture of a computer. In the case of a computer, the hardware (the computer and the softwa..."
wild,0.525,0.055,0.51542,8339.91914812891,752.7465900933238,1,"the architecture of a computer. In the case of a computer, the hardware (the computer and the softwa..."
wild,0.525,0.06,0.51542,8435.10969138157,759.8376811594205,1,"the architecture of a computer. In the case of a computer, the hardware (the computer and the softwa..."
wild,0.525,0.065,0.51542,8532.745583485472,764.8256746900074,1,"the architecture of a computer. In the case of a computer, the hardware (the computer and the softwa..."
wild,0.525,0.07,0.51542,8569.42896011306,769.3147468818779,1,"the architecture of a computer. In the case of a computer, the hardware (the computer and the softwa..."
wild,0.525,0.075,0.51542,8547.63429110178,768.1875457875457,1,"the architecture of a computer. In the case of a computer, the hardware (the computer and the softwa..."
wild,0.525,0.08,0.51542,8682.4104679849,777.2987398072647,1,"the architecture of a computer. In the case of a computer, the hardware (the computer and the softwa..."
wild,0.525,0.085,0.51542,8674.620174246793,776.1480384900073,1,"the architecture of a computer. In the case of a computer, the hardware (the computer and the softwa..."
wild,0.525,0.09,0.51542,8755.30303171647,781.3532041728761,1,"the architecture of a computer. In the case of a computer, the hardware (the computer and the softwa..."
wild,0.525,0.095,0.51542,8774.649422345916,782.5194029850746,1,"the architecture of a computer. In the case of a computer, the hardware (the computer and the softwa..."
wild,0.525,0.1,0.51542,8777.146381234008,781.9358687546609,1,"the architecture of a computer. In the case of a computer, the hardware (the computer and the softwa..."
wild,0.53,0.01,0.5166725,1446803392.2126253,342392.16326530615,1,the architecture of a computer. Researchers at UC San Francisco and UC Berkeley have developed a com...
wild,0.53,0.015,0.51331,6567057791.643293,729444.1739130437,1,"the architecture of a computer. Like a computer, the human brain consists of a series of components ..."
wild,0.53,0.02,0.5157700000000001,714375014.8865218,229824.87671232887,1,"the architecture of a computer. The brain is an organ that has a function, and this function is to c..."
wild,0.53,0.025,0.5160835616438356,292542455.2455439,147168.56140350865,1,"the architecture of a computer. The brain is an organ that has a function, and this function is to c..."
wild,0.53,0.03,0.51621375,458886565.2269583,192841.56321839086,1,the architecture of a computer. The brain is an organ that has a function and it does a particular j...
wild,0.53,0.035,0.516315,43317.465907641,1754.9389121338904,1,"the architecture of a computer. In the case of a computer, the hardware (the computer and the softwa..."
wild,0.53,0.04,0.5126575000000001,6384.059868754922,709.4560216508797,1,"the architecture of a computer. In the case of a computer, the hardware (the computer and the softwa..."
wild,0.53,0.045,0.5173137499999999,38145.746716192865,1608.2453987730057,1,"the architecture of a computer. In the case of a computer, the hardware (the computer and the softwa..."
wild,0.53,0.05,0.5173137499999999,38408.459316633256,1608.2453987730057,1,"the architecture of a computer. In the case of a computer, the hardware (the computer and the softwa..."
wild,0.53,0.055,0.51747125,37712.679344496064,1583.9516616314197,2,"the architecture of a computer. In the case of a computer, the hardware (the computer and the softwa..."
wild,0.53,0.06,0.51747125,37870.06706043765,1583.9516616314197,2,"the architecture of a computer. In the case of a computer, the hardware (the computer and the softwa..."
wild,0.53,0.065,0.51542,8301.32950093728,748.9828571428573,1,"the architecture of a computer. In the case of a computer, the hardware (the computer and the softwa..."
wild,0.53,0.07,0.51542,8317.86757350491,752.2065997130557,1,"the architecture of a computer. In the case of a computer, the hardware (the computer and the softwa..."
wild,0.53,0.075,0.51542,8445.71303634037,760.9404934687951,1,"the architecture of a computer. In the case of a computer, the hardware (the computer and the softwa..."
wild,0.53,0.08,0.51542,8521.775512210723,764.2682215743442,1,"the architecture of a computer. In the case of a computer, the hardware (the computer and the softwa..."
wild,0.53,0.085,0.51542,8494.502707887928,764.2682215743442,1,"the architecture of a computer. In the case of a computer, the hardware (the computer and the softwa..."
wild,0.53,0.09,0.51542,8599.801508900104,769.3147468818779,1,"the architecture of a computer. In the case of a computer, the hardware (the computer and the softwa..."
wild,0.53,0.095,0.51542,8541.39189341184,768.1875457875457,1,"the architecture of a computer. In the case of a computer, the hardware (the computer and the softwa..."
wild,0.53,0.1,0.51542,8669.576283989705,775.5739644970412,1,"the architecture of a computer. In the case of a computer, the hardware (the computer and the softwa..."
wild,0.535,0.01,0.515625,3306675.031541705,12816.818945760133,1,"the architecture of a computer. Researchers have found that when one side of the brain is damaged, t..."
wild,0.535,0.015,0.51750625,14066.058859451505,1021.0087633885106,2,"the architecture of a computer. Like a computer, the human brain consists of a series of components ..."
wild,0.535,0.02,0.51483125,651709634.5014541,229824.87671232887,1,"the architecture of a computer. The brain is an organ that has a function, and this function is to c..."
wild,0.535,0.025,0.51483125,651708918.8032205,229824.87671232887,1,"the architecture of a computer. The brain is an organ that has a function, and this function is to c..."
wild,0.535,0.03,0.5200324999999999,56661137.54753323,67650.06451612897,2,"the architecture of a computer. In the case of a computer, the hardware (the computer itself) and th..."
wild,0.535,0.035,0.5156812499999999,4129651791.3431244,578524.6896551723,1,"the architecture of a computer. In the case of a computer, the hardware (the computer itself) and th..."
wild,0.535,0.04,0.5177237499999999,10269.025931326814,911.0130321459599,1,"the architecture of a computer. In the case of a computer, the hardware (the computer itself) and th..."
wild,0.535,0.045,0.5126575000000001,6171.33737164762,696.728239202658,1,"the architecture of a computer. In the case of a computer, the hardware (the computer and the softwa..."
wild,0.535,0.05,0.5126575000000001,6412.3512607579405,710.4173441734417,1,"the architecture of a computer. In the case of a computer, the hardware (the computer and the softwa..."
wild,0.535,0.055,0.515425,6517.103552485692,717.7111567419574,1,"the architecture of a computer. In the case of a computer, the hardware (the computer and the softwa..."
wild,0.535,0.06,0.5142325000000001,6805.773236489875,733.2699300699302,1,"the architecture of a computer. In the case of a computer, the hardware (the computer and the softwa..."
wild,0.535,0.065,0.5142325000000001,7074.925439867494,747.3813257305773,1,"the architecture of a computer. In the case of a computer, the hardware (the computer and the softwa..."
wild,0.535,0.07,0.5142325000000001,7028.190283973599,744.198722498226,1,"the architecture of a computer. In the case of a computer, the hardware (the computer and the softwa..."
wild,0.535,0.075,0.5142325000000001,7029.186659112396,743.6709219858153,1,"the architecture of a computer. In the case of a computer, the hardware (the computer and the softwa..."
wild,0.535,0.08,0.51542,8267.182007136336,748.448251249108,1,"the architecture of a computer. In the case of a computer, the hardware (the computer and the softwa..."
wild,0.535,0.085,0.51542,8309.809196776316,752.2065997130557,1,"the architecture of a computer. In the case of a computer, the hardware (the computer and the softwa..."
wild,0.535,0.09,0.51542,8452.105826210862,761.4931009440817,1,"the architecture of a computer. In the case of a computer, the hardware (the computer and the softwa..."
wild,0.535,0.095,0.51542,8532.987178911348,764.8256746900074,1,"the architecture of a computer. In the case of a computer, the hardware (the computer and the softwa..."
wild,0.535,0.1,0.51542,8500.30233414863,764.8256746900074,1,"the architecture of a computer. In the case of a computer, the hardware (the computer and the softwa..."
wild,0.54,0.01,0.51706125,1315519.6184896592,10198.91550151976,1,"the architecture of a computer. Like a computer, the human brain consists of a series of components ..."
wild,0.54,0.015,0.5141675,52061.31859526067,1432.4808743169403,1,"the architecture of a computer. The brain is an organ that has a function, and this function is to c..."
wild,0.54,0.02,0.5141675,53239.37968373483,1432.4808743169403,1,"the architecture of a computer. The brain is an organ that has a function, and this function is to c..."
wild,0.54,0.025,0.5256000000000001,115462.43099252254,2327.582685904551,4,"the architecture of a computer. In this week's The A to Z of D&D, Mel Odom and the Roving Band of Mi..."
wild,0.54,0.03,0.5124850000000001,37312.94877940535,1644.825098039216,1,"the architecture of a computer. In the case of a computer, the hardware (the computer itself) and th..."
wild,0.54,0.035,0.5124850000000001,38243.92296596886,1624.4399690162666,1,"the architecture of a computer. In the case of a computer, the hardware (the computer itself) and th..."
wild,0.54,0.04,0.5124850000000001,39434.426381416226,1623.1826625386998,1,"the architecture of a computer. In the case of a computer, the hardware (the computer itself) and th..."
wild,0.54,0.045,0.5177237499999999,9173.0395784771,860.8998357963873,1,"the architecture of a computer. In the case of a computer, the hardware (the computer itself) and th..."
wild,0.54,0.05,0.51325625,6129.620503524417,695.3421750663127,1,"the architecture of a computer. In the case of a computer, the hardware (the computer and the softwa..."
wild,0.54,0.055,0.5126575000000001,6350.306607964418,706.587601078167,1,"the architecture of a computer. In the case of a computer, the hardware (the computer and the softwa..."
wild,0.54,0.06,0.515425,6466.893357927459,715.2633015006822,1,"the architecture of a computer. In the case of a computer, the hardware (the computer and the softwa..."
wild,0.54,0.065,0.515425,6527.501881450649,718.2027397260273,1,"the architecture of a computer. In the case of a computer, the hardware (the computer and the softwa..."
wild,0.54,0.07,0.5142325000000001,6717.944054041222,728.1777777777776,1,"the architecture of a computer. In the case of a computer, the hardware (the computer and the softwa..."
wild,0.54,0.075,0.5142325000000001,6877.48334175785,736.3595505617976,1,"the architecture of a computer. In the case of a computer, the hardware (the computer and the softwa..."
wild,0.54,0.08,0.5142325000000001,7036.679191672248,744.7272727272729,1,"the architecture of a computer. In the case of a computer, the hardware (the computer and the softwa..."
wild,0.54,0.085,0.5142325000000001,7125.100776010106,748.9828571428573,1,"the architecture of a computer. In the case of a computer, the hardware (the computer and the softwa..."
wild,0.54,0.09,0.51542,8289.057470026444,747.9144079885876,1,"the architecture of a computer. In the case of a computer, the hardware (the computer and the softwa..."
wild,0.54,0.095,0.51542,8375.954322330057,753.8289000718906,1,"the architecture of a computer. In the case of a computer, the hardware (the computer and the softwa..."
wild,0.54,0.1,0.51542,8318.49620123452,752.2065997130557,1,"the architecture of a computer. In the case of a computer, the hardware (the computer and the softwa..."
wild,0.545,0.01,0.5141675,52082.305664907624,1432.4808743169403,1,"the architecture of a computer. The brain is an organ that has a function, and this function is to c..."
wild,0.545,0.015,0.5141675,54078.47047697198,1432.4808743169403,1,"the architecture of a computer. The brain is an organ that has a function, and this function is to c..."
wild,0.545,0.02,0.5170975,12231132837.152552,986895.0588235288,1,"the architecture of a computer. In this week's article, I'll show you the relationship between the t..."
wild,0.545,0.025,0.5305818181818182,8690.838533354397,353.0558922558921,4,"the architecture of a computer. In this week's The A to Z of D&D, Mel Odom introduces the Runic Cond..."
wild,0.545,0.03,0.5383212500000001,21827.29948254593,869.4660033167493,2,"the architecture of a computer. In this week's The A to Z of D&D, Mel Odom introduces the Runic Cond..."
wild,0.545,0.035,0.5124850000000001,36517.28456635886,1629.488733488733,1,"the architecture of a computer. In the case of a computer, the hardware (the computer itself) and th..."
wild,0.545,0.04,0.5124850000000001,38313.083401924356,1644.825098039216,1,"the architecture of a computer. In the case of a computer, the hardware (the computer itself) and th..."
wild,0.545,0.045,0.5124850000000001,39064.18941322242,1635.8439937597507,1,"the architecture of a computer. In the case of a computer, the hardware (the computer itself) and th..."
wild,0.545,0.05,0.5177237499999999,8199.707649956337,814.1118012422357,1,"the architecture of a computer. In the case of a computer, the hardware (the computer itself) and th..."
wild,0.545,0.055,0.5177237499999999,9417.08857696638,871.6342477140486,1,"the architecture of a computer. In the case of a computer, the hardware (the computer itself) and th..."
wild,0.545,0.06,0.5135462499999999,6169.661086406556,697.655355954757,1,"the architecture of a computer. In the case of a computer, the hardware (the computer and the softwa..."
wild,0.545,0.065,0.5139474999999999,7363.967954948019,709.4560216508797,1,"the architecture of a computer. In the case of a computer, the hardware (the computer and the softwa..."
wild,0.545,0.07,0.515425,6464.37889100264,714.7757327880029,1,"the architecture of a computer. In the case of a computer, the hardware (the computer and the softwa..."
wild,0.545,0.075,0.515425,6632.529671715978,723.6549344375433,1,"the architecture of a computer. In the case of a computer, the hardware (the computer and the softwa..."
wild,0.545,0.08,0.5142325000000001,6724.286288979705,728.1777777777776,1,"the architecture of a computer. In the case of a computer, the hardware (the computer and the softwa..."
wild,0.545,0.085,0.5142325000000001,6887.113862819717,736.8770203794801,1,"the architecture of a computer. In the case of a computer, the hardware (the computer and the softwa..."
wild,0.545,0.09,0.5142325000000001,6958.947284803394,740.5197740112994,1,"the architecture of a computer. In the case of a computer, the hardware (the computer and the softwa..."
wild,0.545,0.095,0.5142325000000001,7035.82506146532,744.198722498226,1,"the architecture of a computer. In the case of a computer, the hardware (the computer and the softwa..."
wild,0.545,0.1,0.5142325000000001,7110.47032230935,747.9144079885876,1,"the architecture of a computer. In the case of a computer, the hardware (the computer and the softwa..."
wild,0.55,0.01,0.5148425,14175.553430988783,756.0028839221344,1,"the architecture of a computer. In this week's article, I'll show you how this is true and what the ..."
wild,0.55,0.015,0.51484625,34987.05356793622,1618.1728395061732,1,"the architecture of a computer. In this week's article, I'll show you how this is true and what the ..."
wild,0.55,0.02,0.51484625,35010.938958981424,1618.1728395061732,1,"the architecture of a computer. In this week's article, I'll show you how this is true and what the ..."
wild,0.55,0.025,0.51610625,5364115230.449104,645277.5384615388,1,"the architecture of a computer. In this week's article, I'll show you the relationship between the t..."
wild,0.55,0.03,0.5264562500000001,4249.333907688408,354.96817874069046,2,"the architecture of a computer. In this week's The A to Z of D&D, a look at what the different parts..."
wild,0.55,0.035,0.5289766233766234,5411614.877009657,20560.31372549019,2,"the architecture of a computer. In this week's The A to Z of D&D, a look at the three different type..."
wild,0.55,0.04,0.5124850000000001,37114.82575564216,1648.704402515723,1,"the architecture of a computer. In the case of a computer, the hardware (the computer itself) and th..."
wild,0.55,0.045,0.5124850000000001,37075.22517535843,1620.673879443585,1,"the architecture of a computer. In the case of a computer, the hardware (the computer itself) and th..."
wild,0.55,0.05,0.5124850000000001,38113.414252963514,1616.9252120277563,1,"the architecture of a computer. In the case of a computer, the hardware (the computer itself) and th..."
wild,0.55,0.055,0.5177237499999999,7160.412232224853,760.3886874546772,1,"the architecture of a computer. In the case of a computer, the hardware (the computer itself) and th..."
wild,0.55,0.06,0.5177237499999999,8220.745428238752,814.1118012422357,1,"the architecture of a computer. In the case of a computer, the hardware (the computer itself) and th..."
wild,0.55,0.065,0.5162625000000001,5999.7689920580615,694.8813783962887,1,"the architecture of a computer. In the case of a computer, the hardware (the computer and the softwa..."
wild,0.55,0.07,0.5139474999999999,7240.396475621552,705.636608344549,1,"the architecture of a computer. In the case of a computer, the hardware (the computer and the softwa..."
wild,0.55,0.075,0.5126575000000001,6562.086380566982,718.2027397260273,1,"the architecture of a computer. In the case of a computer, the hardware (the computer and the softwa..."
wild,0.55,0.08,0.515425,6555.260906712558,719.6815374056281,1,"the architecture of a computer. In the case of a computer, the hardware (the computer and the softwa..."
wild,0.55,0.085,0.515425,6630.0856259918655,723.6549344375433,1,"the architecture of a computer. In the case of a computer, the hardware (the computer and the softwa..."
wild,0.55,0.09,0.5142325000000001,6726.661567265059,728.1777777777776,1,"the architecture of a computer. In the case of a computer, the hardware (the computer and the softwa..."
wild,0.55,0.095,0.5142325000000001,6902.21649109093,737.3952180028131,1,"the architecture of a computer. In the case of a computer, the hardware (the computer and the softwa..."
wild,0.55,0.1,0.5142325000000001,6946.761917674494,739.9971771347916,1,"the architecture of a computer. In the case of a computer, the hardware (the computer and the softwa..."
wild,0.555,0.01,0.5148425,12794.559403081656,756.0028839221344,1,"the architecture of a computer. In this week's article, I'll show you how this is true and what the ..."
wild,0.555,0.015,0.5148425,14350.638653108035,756.0028839221344,1,"the architecture of a computer. In this week's article, I'll show you how this is true and what the ..."
wild,0.555,0.02,0.51484625,34985.81880411455,1618.1728395061732,1,"the architecture of a computer. In this week's article, I'll show you how this is true and what the ..."
wild,0.555,0.025,0.51484625,35011.13560046703,1618.1728395061732,1,"the architecture of a computer. In this week's article, I'll show you how this is true and what the ..."
wild,0.555,0.03,0.51610625,5364113202.274467,645277.5384615388,1,"the architecture of a computer. In this week's article, I'll show you the relationship between the t..."
wild,0.555,0.035,0.5175212499999999,253705436.92803687,143395.00854700856,1,"the architecture of a computer. In this week's article, I'll show you the relationship between the t..."
wild,0.555,0.04,0.5293962499999999,5674330.8196122125,21454.240409207145,2,"the architecture of a computer. In this week's The A to Z of D&D, a look at the three different type..."
wild,0.555,0.045,0.5289766233766234,3798146.304954987,17225.06776180699,2,"the architecture of a computer. In this week's The A to Z of D&D, a look at the three different type..."
wild,0.555,0.05,0.5124850000000001,37441.19736656741,1634.568978955573,1,"the architecture of a computer. In the case of a computer, the hardware (the computer itself) and th..."
wild,0.555,0.055,0.5124850000000001,38492.34234133682,1637.1209992193606,1,"the architecture of a computer. In the case of a computer, the hardware (the computer itself) and th..."
wild,0.555,0.06,0.51506875,38675.71057300265,1624.4399690162666,1,"the architecture of a computer. In the case of a computer, the hardware (the computer itself) and th..."
wild,0.555,0.065,0.5177237499999999,7767.145920267612,791.3781132075472,1,"the architecture of a computer. In the case of a computer, the hardware (the computer itself) and th..."
wild,0.555,0.07,0.5159375,6103.379337494158,688.0419947506558,1,"the architecture of a computer. In the case of a computer, the hardware (the computer and the softwa..."
wild,0.555,0.075,0.51448125,5991.055340895211,693.5026455026458,1,"the architecture of a computer. In the case of a computer, the hardware (the computer and the softwa..."
wild,0.555,0.08,0.5139474999999999,7241.536201320875,706.1117845117843,1,"the architecture of a computer. In the case of a computer, the hardware (the computer and the softwa..."
wild,0.555,0.085,0.5154525,8241.142255662553,710.4173441734417,2,"the architecture of a computer. In the case of a computer, the hardware (the computer and the softwa..."
wild,0.555,0.09,0.515425,6548.257313612993,719.18792866941,1,"the architecture of a computer. In the case of a computer, the hardware (the computer and the softwa..."
wild,0.555,0.095,0.515425,6639.182181367416,723.6549344375433,1,"the architecture of a computer. In the case of a computer, the hardware (the computer and the softwa..."
wild,0.555,0.1,0.5142325000000001,6724.66970441324,728.1777777777776,1,"the architecture of a computer. In the case of a computer, the hardware (the computer and the softwa..."
wild,0.56,0.01,0.51458625,3646.4149152562263,302.532025389498,1,"the architecture of a computer. In this week's article, I'll show you how this is true and what the ..."
wild,0.56,0.015,0.5148425,12794.188503586625,756.0028839221344,1,"the architecture of a computer. In this week's article, I'll show you how this is true and what the ..."
wild,0.56,0.02,0.51484625,34978.98665271858,1618.1728395061732,1,"the architecture of a computer. In this week's article, I'll show you how this is true and what the ..."
wild,0.56,0.025,0.51484625,34984.802492358525,1618.1728395061732,1,"the architecture of a computer. In this week's article, I'll show you how this is true and what the ..."
wild,0.56,0.03,0.51484625,35012.02197100252,1618.1728395061732,1,"the architecture of a computer. In this week's article, I'll show you how this is true and what the ..."
wild,0.56,0.035,0.5175212499999999,253716290.4340476,143395.00854700856,1,"the architecture of a computer. In this week's article, I'll show you the relationship between the t..."
wild,0.56,0.04,0.5175212499999999,253708885.62561148,143395.00854700856,1,"the architecture of a computer. In this week's article, I'll show you the relationship between the t..."
wild,0.56,0.045,0.5293962499999999,5929347.383623849,21931.00130718953,2,"the architecture of a computer. In this week's The A to Z of D&D, a look at the three different type..."
wild,0.56,0.05,0.5293962499999999,3943633.78442972,17886.157782515984,2,"the architecture of a computer. In this week's The A to Z of D&D, a look at the three different type..."
wild,0.56,0.055,0.5124850000000001,37040.74265114487,1633.2959501557632,1,"the architecture of a computer. In the case of a computer, the hardware (the computer itself) and th..."
wild,0.56,0.06,0.5124850000000001,38585.04450570382,1651.3007874015748,1,"the architecture of a computer. In the case of a computer, the hardware (the computer itself) and th..."
wild,0.56,0.065,0.51506875,38179.88962137682,1611.953881629515,1,"the architecture of a computer. In the case of a computer, the hardware (the computer itself) and th..."
wild,0.56,0.07,0.5177237499999999,7394.975579516203,772.1472754050071,1,"the architecture of a computer. In the case of a computer, the hardware (the computer itself) and th..."
wild,0.56,0.075,0.5177237499999999,8225.927616442761,814.1118012422357,1,"the architecture of a computer. In the case of a computer, the hardware (the computer itself) and th..."
wild,0.56,0.08,0.51448125,6013.715823164762,694.8813783962887,1,"the architecture of a computer. In the case of a computer, the hardware (the computer and the softwa..."
wild,0.56,0.085,0.51448125,6031.889737359393,696.265604249668,1,"the architecture of a computer. In the case of a computer, the hardware (the computer and the softwa..."
wild,0.56,0.09,0.5139474999999999,7260.221542433853,710.4173441734417,1,"the architecture of a computer. In the case of a computer, the hardware (the computer and the softwa..."
wild,0.56,0.095,0.515425,6499.900293958988,716.2404371584701,1,"the architecture of a computer. In the case of a computer, the hardware (the computer and the softwa..."
wild,0.56,0.1,0.515425,6523.516661181896,717.7111567419574,1,"the architecture of a computer. In the case of a computer, the hardware (the computer and the softwa..."
wild,0.565,0.01,0.51458625,3645.9157338186837,302.532025389498,1,"the architecture of a computer. In this week's article, I'll show you how this is true and what the ..."
wild,0.565,0.015,0.51458625,3646.2157519943967,302.532025389498,1,"the architecture of a computer. In this week's article, I'll show you how this is true and what the ..."
wild,0.565,0.02,0.5148425,12794.044009350828,756.0028839221344,1,"the architecture of a computer. In this week's article, I'll show you how this is true and what the ..."
wild,0.565,0.025,0.51484625,34977.708296306766,1618.1728395061732,1,"the architecture of a computer. In this week's article, I'll show you how this is true and what the ..."
wild,0.565,0.03,0.51484625,34983.38497880789,1618.1728395061732,1,"the architecture of a computer. In this week's article, I'll show you how this is true and what the ..."
wild,0.565,0.035,0.51484625,35006.47453954413,1618.1728395061732,1,"the architecture of a computer. In this week's article, I'll show you how this is true and what the ..."
wild,0.565,0.04,0.5175212499999999,253718256.57831568,143395.00854700856,1,"the architecture of a computer. In this week's article, I'll show you the relationship between the t..."
wild,0.565,0.045,0.5175212499999999,258105393.2235847,144631.17241379304,1,"the architecture of a computer. In this week's article, I'll show you the relationship between the t..."
wild,0.565,0.05,0.5175212499999999,245247120.82375485,140985.00840336122,1,"the architecture of a computer. In this week's article, I'll show you the relationship between the t..."
wild,0.565,0.055,0.5293962499999999,4293244.365238784,18662.08676307009,2,"the architecture of a computer. In this week's The A to Z of D&D, a look at the three different type..."
wild,0.565,0.06,0.5293962499999999,3189587.9743600585,16085.537871524437,2,"the architecture of a computer. In this week's The A to Z of D&D, a look at the three different type..."
wild,0.565,0.065,0.5124850000000001,39207.33364680626,1672.3700159489629,1,"the architecture of a computer. In the case of a computer, the hardware (the computer itself) and th..."
wild,0.565,0.07,0.51506875,38353.97097524711,1632.0249027237348,1,"the architecture of a computer. In the case of a computer, the hardware (the computer itself) and th..."
wild,0.565,0.075,0.5177237499999999,6668.484108709515,733.2699300699302,1,"the architecture of a computer. In the case of a computer, the hardware (the computer itself) and th..."
wild,0.565,0.08,0.5177237499999999,7594.2687206078435,781.9358687546609,1,"the architecture of a computer. In the case of a computer, the hardware (the computer itself) and th..."
wild,0.565,0.085,0.5159375,6078.692606805132,687.1402359108781,1,"the architecture of a computer. In the case of a computer, the hardware (the computer and the softwa..."
wild,0.565,0.09,0.51448125,5996.58170470628,693.9616148246192,1,"the architecture of a computer. In the case of a computer, the hardware (the computer and the softwa..."
wild,0.565,0.095,0.51448125,6118.111208333319,701.388628762542,1,"the architecture of a computer. In the case of a computer, the hardware (the computer and the softwa..."
wild,0.565,0.1,0.5154525,8194.589049347023,708.0189061444968,2,"the architecture of a computer. In the case of a computer, the hardware (the computer and the softwa..."
wild,0.57,0.01,0.5129112499999999,28713699294.725178,1525201.4545454548,1,"the architecture of a computer. The brain is an organ that has a function, and this function is to c..."
wild,0.57,0.015,0.51458625,3645.541206365153,302.532025389498,1,"the architecture of a computer. In this week's article, I'll show you how this is true and what the ..."
wild,0.57,0.02,0.51458625,3646.0282957741338,302.532025389498,1,"the architecture of a computer. In this week's article, I'll show you how this is true and what the ..."
wild,0.57,0.025,0.5148425,12793.678341858493,756.0028839221344,1,"the architecture of a computer. In this week's article, I'll show you how this is true and what the ..."
wild,0.57,0.03,0.5148425,14482.16144597756,756.0028839221344,1,"the architecture of a computer. In this week's article, I'll show you how this is true and what the ..."
wild,0.57,0.035,0.51484625,34982.45623814341,1618.1728395061732,1,"the architecture of a computer. In this week's article, I'll show you how this is true and what the ..."
wild,0.57,0.04,0.51484625,35007.437332682384,1618.1728395061732,1,"the architecture of a computer. In this week's article, I'll show you how this is true and what the ..."
wild,0.57,0.045,0.5175212499999999,253719403.6920387,143395.00854700856,1,"the architecture of a computer. In this week's article, I'll show you the relationship between the t..."
wild,0.57,0.05,0.5175212499999999,253713232.99037528,143395.00854700856,1,"the architecture of a computer. In this week's article, I'll show you the relationship between the t..."
wild,0.57,0.055,0.5175212499999999,245249579.74827895,140985.00840336122,1,"the architecture of a computer. In this week's article, I'll show you the relationship between the t..."
wild,0.57,0.06,0.5293962499999999,4605354.726809825,19328.58986175117,2,"the architecture of a computer. In this week's The A to Z of D&D, a look at the three different type..."
wild,0.57,0.065,0.5293962499999999,3428461.7651073164,16677.15308151092,2,"the architecture of a computer. In this week's The A to Z of D&D, a look at the three different type..."
wild,0.57,0.07,0.51506875,38624.6011396489,1660.4528899445766,1,"the architecture of a computer. In the case of a computer, the hardware (the computer itself) and th..."
wild,0.57,0.075,0.51506875,38071.842082158706,1628.2236024844715,1,"the architecture of a computer. In the case of a computer, the hardware (the computer itself) and th..."
wild,0.57,0.08,0.5177237499999999,6667.188896164194,733.2699300699302,1,"the architecture of a computer. In the case of a computer, the hardware (the computer itself) and th..."
wild,0.57,0.085,0.5177237499999999,7233.398194679337,763.1557496360991,1,"the architecture of a computer. In the case of a computer, the hardware (the computer itself) and th..."
wild,0.57,0.09,0.5177237499999999,8036.710797994599,804.1226993865029,1,"the architecture of a computer. In the case of a computer, the hardware (the computer itself) and th..."
wild,0.57,0.095,0.5159375,6210.350807832328,694.8813783962887,1,"the architecture of a computer. In the case of a computer, the hardware (the computer and the softwa..."
wild,0.57,0.1,0.51448125,6036.203586629685,696.728239202658,1,"the architecture of a computer. In the case of a computer, the hardware (the computer and the softwa..."
wild,0.575,0.01,0.5129112499999999,28713699228.748158,1525201.4545454548,1,"the architecture of a computer. The brain is an organ that has a function, and this function is to c..."
wild,0.575,0.015,0.5129112499999999,28713699377.853157,1525201.4545454548,1,"the architecture of a computer. The brain is an organ that has a function, and this function is to c..."
wild,0.575,0.02,0.51458625,3645.3861329186775,302.532025389498,1,"the architecture of a computer. In this week's article, I'll show you how this is true and what the ..."
wild,0.575,0.025,0.51458625,3645.839044073416,302.532025389498,1,"the architecture of a computer. In this week's article, I'll show you how this is true and what the ..."
wild,0.575,0.03,0.5148425,12793.441627666765,756.0028839221344,1,"the architecture of a computer. In this week's article, I'll show you how this is true and what the ..."
wild,0.575,0.035,0.51484625,34976.815048871504,1618.1728395061732,1,"the architecture of a computer. In this week's article, I'll show you how this is true and what the ..."
wild,0.575,0.04,0.51484625,34984.51687660777,1618.1728395061732,1,"the architecture of a computer. In this week's article, I'll show you how this is true and what the ..."
wild,0.575,0.045,0.51484625,35007.19452992464,1618.1728395061732,1,"the architecture of a computer. In this week's article, I'll show you how this is true and what the ..."
wild,0.575,0.05,0.5175212499999999,253720217.18002862,143395.00854700856,1,"the architecture of a computer. In this week's article, I'll show you the relationship between the t..."
wild,0.575,0.055,0.5175212499999999,249432165.4411191,142179.7966101696,1,"the architecture of a computer. In this week's article, I'll show you the relationship between the t..."
wild,0.575,0.06,0.5175212499999999,245251604.49921638,140985.00840336122,1,"the architecture of a computer. In this week's article, I'll show you the relationship between the t..."
wild,0.575,0.065,0.5168762499999999,241133295.13294354,139810.13333333327,1,"the architecture of a computer. In this week's article, I'll show you the relationship between the t..."
wild,0.575,0.07,0.5293962499999999,3680059.663658727,17278.286302780638,2,"the architecture of a computer. In this week's The A to Z of D&D, a look at the three different type..."
wild,0.575,0.075,0.51506875,37404.47199159679,1632.0249027237348,1,"the architecture of a computer. In the case of a computer, the hardware (the computer itself) and th..."
wild,0.575,0.08,0.51506875,38272.64984026003,1644.825098039216,1,"the architecture of a computer. In the case of a computer, the hardware (the computer itself) and th..."
wild,0.575,0.085,0.51542875,109175.80354051937,2030.1568247821879,1,"the architecture of a computer. In the case of a computer, the hardware (the computer itself) and th..."
wild,0.575,0.09,0.5177237499999999,6680.549109632448,733.2699300699302,1,"the architecture of a computer. In the case of a computer, the hardware (the computer itself) and th..."
wild,0.575,0.095,0.5177237499999999,7585.793170343119,781.3532041728761,1,"the architecture of a computer. In the case of a computer, the hardware (the computer itself) and th..."
wild,0.575,0.1,0.5159375,6159.84613011661,691.6728232189972,1,"the architecture of a computer. In the case of a computer, the hardware (the computer and the softwa..."
wild,0.58,0.01,0.5129112499999999,28713699228.748158,1525201.4545454548,1,"the architecture of a computer. The brain is an organ that has a function, and this function is to c..."
wild,0.58,0.015,0.5129112499999999,28713699228.748158,1525201.4545454548,1,"the architecture of a computer. The brain is an organ that has a function, and this function is to c..."
wild,0.58,0.02,0.5129112499999999,28713699409.988697,1525201.4545454548,1,"the architecture of a computer. The brain is an organ that has a function, and this function is to c..."
wild,0.58,0.025,0.5129112499999999,28713670070.98054,1525201.4545454548,1,"the architecture of a computer. The brain is an organ that has a function, and this function is to c..."
wild,0.58,0.03,0.51458625,3645.708865040836,302.532025389498,1,"the architecture of a computer. In this week's article, I'll show you how this is true and what the ..."
wild,0.58,0.035,0.5148425,13106.274079242534,756.0028839221344,1,"the architecture of a computer. In this week's article, I'll show you how this is true and what the ..."
wild,0.58,0.04,0.51484625,34976.50931050596,1618.1728395061732,1,"the architecture of a computer. In this week's article, I'll show you how this is true and what the ..."
wild,0.58,0.045,0.51484625,34987.62005741307,1618.1728395061732,1,"the architecture of a computer. In this week's article, I'll show you how this is true and what the ..."
wild,0.58,0.05,0.51484625,35021.853112128665,1618.1728395061732,1,"the architecture of a computer. In this week's article, I'll show you how this is true and what the ..."
wild,0.58,0.055,0.5175212499999999,253721291.2876113,143395.00854700856,1,"the architecture of a computer. In this week's article, I'll show you the relationship between the t..."
wild,0.58,0.06,0.5175212499999999,253716265.3556611,143395.00854700856,1,"the architecture of a computer. In this week's article, I'll show you the relationship between the t..."
wild,0.58,0.065,0.5175212499999999,245253233.1671248,140985.00840336122,1,"the architecture of a computer. In this week's article, I'll show you the relationship between the t..."
wild,0.58,0.07,0.5168762499999999,237164997.70224398,138654.67768595042,1,"the architecture of a computer. In this week's article, I'll show you the relationship between the t..."
wild,0.58,0.075,0.5293962499999999,3943523.8979150467,17886.157782515984,2,"the architecture of a computer. In this week's The A to Z of D&D, a look at the three different type..."
wild,0.58,0.08,0.5293962499999999,3189541.7082720315,16085.537871524437,2,"the architecture of a computer. In this week's The A to Z of D&D, a look at the three different type..."
wild,0.58,0.085,0.51506875,37906.66687116552,1635.8439937597507,1,"the architecture of a computer. In the case of a computer, the hardware (the computer itself) and th..."
wild,0.58,0.09,0.5167325,38193.33772516211,1628.2236024844715,1,"the architecture of a computer. In the case of a computer, the hardware (the computer itself) and th..."
wild,0.58,0.095,0.5177237499999999,6677.8309078508555,733.2699300699302,1,"the architecture of a computer. In the case of a computer, the hardware (the computer itself) and th..."
wild,0.58,0.1,0.5177237499999999,7237.704404017085,763.1557496360991,1,"the architecture of a computer. In the case of a computer, the hardware (the computer itself) and th..."
wild,0.585,0.01,0.5129112499999999,28713699228.748158,1525201.4545454548,1,"the architecture of a computer. The brain is an organ that has a function, and this function is to c..."
wild,0.585,0.015,0.5129112499999999,28713699228.748158,1525201.4545454548,1,"the architecture of a computer. The brain is an organ that has a function, and this function is to c..."
wild,0.585,0.02,0.5129112499999999,28713699228.748158,1525201.4545454548,1,"the architecture of a computer. The brain is an organ that has a function, and this function is to c..."
wild,0.585,0.025,0.5129112499999999,28713699409.064983,1525201.4545454548,1,"the architecture of a computer. The brain is an organ that has a function, and this function is to c..."
wild,0.585,0.03,0.5129112499999999,28713671550.81294,1525201.4545454548,1,"the architecture of a computer. The brain is an organ that has a function, and this function is to c..."
wild,0.585,0.035,0.51458625,3646.0030867908763,302.532025389498,1,"the architecture of a computer. In this week's article, I'll show you how this is true and what the ..."
wild,0.585,0.04,0.5148425,13200.159718604842,756.0028839221344,1,"the architecture of a computer. In this week's article, I'll show you how this is true and what the ..."
wild,0.585,0.045,0.51484625,34976.14038409166,1618.1728395061732,1,"the architecture of a computer. In this week's article, I'll show you how this is true and what the ..."
wild,0.585,0.05,0.51484625,34989.43650247961,1618.1728395061732,1,"the architecture of a computer. In this week's article, I'll show you how this is true and what the ..."
wild,0.585,0.055,0.51484625,35027.7461800718,1618.1728395061732,1,"the architecture of a computer. In this week's article, I'll show you how this is true and what the ..."
wild,0.585,0.06,0.5175212499999999,253721701.51383957,143395.00854700856,1,"the architecture of a computer. In this week's article, I'll show you the relationship between the t..."
wild,0.585,0.065,0.5175212499999999,249434481.15518755,142179.7966101696,1,"the architecture of a computer. In this week's article, I'll show you the relationship between the t..."
wild,0.585,0.07,0.5175212499999999,249429829.07145777,142179.7966101696,1,"the architecture of a computer. In this week's article, I'll show you the relationship between the t..."
wild,0.585,0.075,0.5168762499999999,237166566.08627242,138654.67768595042,1,"the architecture of a computer. In this week's article, I'll show you the relationship between the t..."
wild,0.585,0.08,0.5235424999999999,72953.70169803145,2312.185226019845,2,"the architecture of a computer. In this week's The National, a new perspective on the human mind and..."
wild,0.585,0.085,0.5293962499999999,3414830.548505792,16644.06349206348,2,"the architecture of a computer. In this week's The A to Z of D&D, a look at the three different type..."
wild,0.585,0.09,0.51506875,37945.245684658716,1643.53605015674,1,"the architecture of a computer. In the case of a computer, the hardware (the computer itself) and th..."
wild,0.585,0.095,0.5167325,38685.89186118829,1646.116169544741,1,"the architecture of a computer. In the case of a computer, the hardware (the computer itself) and th..."
wild,0.585,0.1,0.5177237499999999,6462.429386667656,721.662766689608,1,"the architecture of a computer. In the case of a computer, the hardware (the computer itself) and th..."
wild,0.59,0.01,0.5129112499999999,28713699228.748158,1525201.4545454548,1,"the architecture of a computer. The brain is an organ that has a function, and this function is to c..."
wild,0.59,0.015,0.5129112499999999,28713699228.748158,1525201.4545454548,1,"the architecture of a computer. The brain is an organ that has a function, and this function is to c..."
wild,0.59,0.02,0.5129112499999999,28713699228.748158,1525201.4545454548,1,"the architecture of a computer. The brain is an organ that has a function, and this function is to c..."
wild,0.59,0.025,0.5129112499999999,28713699228.748158,1525201.4545454548,1,"the architecture of a computer. The brain is an organ that has a function, and this function is to c..."
wild,0.59,0.03,0.5129112499999999,28713699434.457783,1525201.4545454548,1,"the architecture of a computer. The brain is an organ that has a function, and this function is to c..."
wild,0.59,0.035,0.5129112499999999,28713669916.630016,1525201.4545454548,1,"the architecture of a computer. The brain is an organ that has a function, and this function is to c..."
wild,0.59,0.04,0.51458625,3648.775808130152,302.532025389498,1,"the architecture of a computer. In this week's article, I'll show you how this is true and what the ..."
wild,0.59,0.045,0.5148425,13272.629920107958,756.0028839221344,1,"the architecture of a computer. In this week's article, I'll show you how this is true and what the ..."
wild,0.59,0.05,0.51484625,34975.847753091584,1618.1728395061732,1,"the architecture of a computer. In this week's article, I'll show you how this is true and what the ..."
wild,0.59,0.055,0.51484625,34987.74078065896,1618.1728395061732,1,"the architecture of a computer. In this week's article, I'll show you how this is true and what the ..."
wild,0.59,0.06,0.51484625,35022.172240315005,1618.1728395061732,1,"the architecture of a computer. In this week's article, I'll show you how this is true and what the ..."
wild,0.59,0.065,0.5175212499999999,253722051.2186274,143395.00854700856,1,"the architecture of a computer. In this week's article, I'll show you the relationship between the t..."
wild,0.59,0.07,0.5175212499999999,253718050.6107975,143395.00854700856,1,"the architecture of a computer. In this week's article, I'll show you the relationship between the t..."
wild,0.59,0.075,0.5175212499999999,245255406.35375205,140985.00840336122,1,"the architecture of a computer. In this week's article, I'll show you the relationship between the t..."
wild,0.59,0.08,0.5175212499999999,237209111.66898385,138654.67768595042,1,"the architecture of a computer. In this week's article, I'll show you the relationship between the t..."
wild,0.59,0.085,0.5187356164383562,12883724.555932721,30897.267034990782,1,"the architecture of a computer. In this week's article, I encourage you to think of a computer's CPU..."
wild,0.59,0.09,0.5235424999999999,74579.91664273152,2332.7608453837606,2,"the architecture of a computer. In this week's The National, a new perspective on the human mind and..."
wild,0.59,0.095,0.5293962499999999,2980249.101130043,15548.856348470814,2,"the architecture of a computer. In this week's The A to Z of D&D, a look at the three different type..."
wild,0.59,0.1,0.51506875,38696.05737102377,1655.2107340173632,1,"the architecture of a computer. In the case of a computer, the hardware (the computer itself) and th..."
wild,0.595,0.01,0.5129112499999999,28713699228.748158,1525201.4545454548,1,"the architecture of a computer. The brain is an organ that has a function, and this function is to c..."
wild,0.595,0.015,0.5129112499999999,28713699228.748158,1525201.4545454548,1,"the architecture of a computer. The brain is an organ that has a function, and this function is to c..."
wild,0.595,0.02,0.5129112499999999,28713699228.748158,1525201.4545454548,1,"the architecture of a computer. The brain is an organ that has a function, and this function is to c..."
wild,0.595,0.025,0.5129112499999999,28713699228.748158,1525201.4545454548,1,"the architecture of a computer. The brain is an organ that has a function, and this function is to c..."
wild,0.595,0.03,0.5129112499999999,28713699228.748158,1525201.4545454548,1,"the architecture of a computer. The brain is an organ that has a function, and this function is to c..."
wild,0.595,0.035,0.5129112499999999,28713696126.6296,1525201.4545454548,1,"the architecture of a computer. The brain is an organ that has a function, and this function is to c..."
wild,0.595,0.04,0.5129112499999999,28713669674.53239,1525201.4545454548,1,"the architecture of a computer. The brain is an organ that has a function, and this function is to c..."
wild,0.595,0.045,0.5148425,12793.745524375805,756.0028839221344,1,"the architecture of a computer. In this week's article, I'll show you how this is true and what the ..."
wild,0.595,0.05,0.5148425,13502.400256388148,756.0028839221344,1,"the architecture of a computer. In this week's article, I'll show you how this is true and what the ..."
wild,0.595,0.055,0.51484625,34975.803361303886,1618.1728395061732,1,"the architecture of a computer. In this week's article, I'll show you how this is true and what the ..."
wild,0.595,0.06,0.51484625,34987.99209451491,1618.1728395061732,1,"the architecture of a computer. In this week's article, I'll show you how this is true and what the ..."
wild,0.595,0.065,0.51484625,35039.98957814583,1618.1728395061732,1,"the architecture of a computer. In this week's article, I'll show you how this is true and what the ..."
wild,0.595,0.07,0.5175212499999999,253722543.4267923,143395.00854700856,1,"the architecture of a computer. In this week's article, I'll show you the relationship between the t..."
wild,0.595,0.075,0.5175212499999999,249435757.817979,142179.7966101696,1,"the architecture of a computer. In this week's article, I'll show you the relationship between the t..."
wild,0.595,0.08,0.5175212499999999,245256475.78177088,140985.00840336122,1,"the architecture of a computer. In this week's article, I'll show you the relationship between the t..."
wild,0.595,0.085,0.5168762499999999,237168854.16051698,138654.67768595042,1,"the architecture of a computer. In this week's article, I'll show you the relationship between the t..."
wild,0.595,0.09,0.5187356164383562,12931532.969805487,30954.27306273063,1,"the architecture of a computer. In this week's article, I encourage you to think of a computer's CPU..."
wild,0.595,0.095,0.5235424999999999,67980.04663575199,2214.5216473072865,2,"the architecture of a computer. In this week's The National, a new perspective on the human mind and..."
wild,0.595,0.1,0.5235424999999999,75695.17024034135,2345.807606263981,2,"the architecture of a computer. In this week's The National, a new perspective on the human mind and..."
wild,0.6,0.01,0.5129112499999999,28713699228.748158,1525201.4545454548,1,"the architecture of a computer. The brain is an organ that has a function, and this function is to c..."
wild,0.6,0.015,0.5129112499999999,28713699228.748158,1525201.4545454548,1,"the architecture of a computer. The brain is an organ that has a function, and this function is to c..."
wild,0.6,0.02,0.5129112499999999,28713699228.748158,1525201.4545454548,1,"the architecture of a computer. The brain is an organ that has a function, and this function is to c..."
wild,0.6,0.025,0.5129112499999999,28713699228.748158,1525201.4545454548,1,"the architecture of a computer. The brain is an organ that has a function, and this function is to c..."
wild,0.6,0.03,0.5129112499999999,28713699228.748158,1525201.4545454548,1,"the architecture of a computer. The brain is an organ that has a function, and this function is to c..."
wild,0.6,0.035,0.5129112499999999,28713699228.748158,1525201.4545454548,1,"the architecture of a computer. The brain is an organ that has a function, and this function is to c..."
wild,0.6,0.04,0.5129112499999999,28713693540.018196,1525201.4545454548,1,"the architecture of a computer. The brain is an organ that has a function, and this function is to c..."
wild,0.6,0.045,0.5129112499999999,28713669597.366936,1525201.4545454548,1,"the architecture of a computer. The brain is an organ that has a function, and this function is to c..."
wild,0.6,0.05,0.5148425,12793.235507877509,756.0028839221344,1,"the architecture of a computer. In this week's article, I'll show you how this is true and what the ..."
wild,0.6,0.055,0.5148425,13545.17434436992,756.0028839221344,1,"the architecture of a computer. In this week's article, I'll show you how this is true and what the ..."
wild,0.6,0.06,0.51484625,34975.511040650126,1618.1728395061732,1,"the architecture of a computer. In this week's article, I'll show you how this is true and what the ..."
wild,0.6,0.065,0.51484625,34988.20687475808,1618.1728395061732,1,"the architecture of a computer. In this week's article, I'll show you how this is true and what the ..."
wild,0.6,0.07,0.51484625,35038.20483901675,1618.1728395061732,1,"the architecture of a computer. In this week's article, I'll show you how this is true and what the ..."
wild,0.6,0.075,0.5175212499999999,258116700.3877519,144631.17241379304,1,"the architecture of a computer. In this week's article, I'll show you the relationship between the t..."
wild,0.6,0.08,0.5175212499999999,249436467.3396434,142179.7966101696,1,"the architecture of a computer. In this week's article, I'll show you the relationship between the t..."
wild,0.6,0.085,0.5175212499999999,241185852.50572628,139810.13333333327,1,"the architecture of a computer. In this week's article, I'll show you the relationship between the t..."
wild,0.6,0.09,0.5175212499999999,241182256.43797556,139810.13333333327,1,"the architecture of a computer. In this week's article, I'll show you the relationship between the t..."
wild,0.6,0.095,0.5187356164383562,12931575.963570867,30954.27306273063,1,"the architecture of a computer. In this week's article, I encourage you to think of a computer's CPU..."
wild,0.6,0.1,0.5187356164383562,14778788.278030977,33091.155818540436,1,"the architecture of a computer. In this week's article, I encourage you to think of a computer's CPU..."
