mode,mu,sigma,mean_u,ppl_var,ppl_max,corrected_state,text_snippet
wild,0.4,0.01,0.5010300000000001,868601124169.385,8388608.000000002,3c,the secret to a delicious meal. It comes down to one word: balance. This is a vital concept to the N...
wild,0.4,0.015,0.5010300000000001,868601124169.385,8388608.000000002,3c,the secret to a delicious meal. It comes down to one word: balance. This is a vital concept to the N...
wild,0.4,0.02,0.5010300000000001,868601124215.1115,8388608.000000002,3c,the secret to a delicious meal. It comes down to one word: balance. This is a vital concept to the N...
wild,0.4,0.025,0.5010300000000001,868601126503.2377,8388608.000000002,3c,the secret to a delicious meal. It comes down to one word: balance. This is a vital concept to the N...
wild,0.4,0.03,0.5010300000000001,868601153977.5977,8388608.000000002,3c,the secret to a delicious meal. It comes down to one word: balance. This is a vital concept to the N...
wild,0.4,0.035,0.5010300000000001,868601203061.2341,8388608.000000002,3c,the secret to a delicious meal. It comes down to one word: balance. This is a vital concept to the N...
wild,0.4,0.04,0.50152875,889054003363.1898,8388608.000000002,1,the secret to a delicious meal. It comes down to one word: balance. This is a vital concept to the N...
wild,0.4,0.045,0.5017787499999999,868594473357.4026,8388608.000000002,1,the secret to a delicious meal. It comes down to one word: balance. This is a vital concept to the N...
wild,0.4,0.05,0.50333125,6409.595038334554,518.0711462450591,2,"the secret to good sex  the secret to good sex A few months ago, a reporter from the  Philadelphia  ..."
wild,0.4,0.055,0.50333125,6794.394063512191,531.4627470856564,2,"the secret to good sex  the secret to good sex A few months ago, a reporter from the  Philadelphia  ..."
wild,0.4,0.06,0.5031475000000001,984884.7039295132,8895.660657476134,2,"the secret to good sex  the secret to good sex A few months ago, a reporter from the New York Times ..."
wild,0.4,0.065,0.5031475000000001,821029.628504491,8112.77369439071,2,"the secret to good sex  the secret to good sex A few months ago, a reporter from the New York Times ..."
wild,0.4,0.07,0.5035675,707006.4524884217,7523.415246636765,2,"the secret to good sex  the secret to good sex A few months ago, a reporter from the New York Times ..."
wild,0.4,0.075,0.5035675,614859.2937364429,7008.026733500416,2,"the secret to good sex  the secret to good sex A few months ago, a reporter from the New York Times ..."
wild,0.4,0.08,0.49114,23249660.354320336,43240.24742268042,1,the secret to good sex: it’s all about communication. I encourage my patients and my own family to t...
wild,0.4,0.085,0.4925,24187834.198483147,44150.5684210526,1,the secret to good sex: it’s all about communication. I encourage my patients and my own family to t...
wild,0.4,0.09,0.5006375000000001,136415.4864158475,2262.299892125136,2,"the secret to good sex  the secret to good sex A few months ago, I wrote an article for the Huffingt..."
wild,0.4,0.095,0.5006375000000001,134476.30056098988,2199.42527530152,2,"the secret to good sex  the secret to good sex A few months ago, I wrote an article for the Huffingt..."
wild,0.4,0.1,0.49924625,4192.276845149773,452.75302245250447,2,"the secret to good sex  the secret to good sex A few months ago, I wrote an article for the Huffingt..."
wild,0.405,0.01,0.5010300000000001,868601124169.385,8388608.000000002,3c,the secret to a delicious meal. It comes down to one word: balance. This is a vital concept to the N...
wild,0.405,0.015,0.5010300000000001,868601124169.385,8388608.000000002,3c,the secret to a delicious meal. It comes down to one word: balance. This is a vital concept to the N...
wild,0.405,0.02,0.5010300000000001,868601124035.4631,8388608.000000002,3c,the secret to a delicious meal. It comes down to one word: balance. This is a vital concept to the N...
wild,0.405,0.025,0.5010300000000001,868601126983.4791,8388608.000000002,3c,the secret to a delicious meal. It comes down to one word: balance. This is a vital concept to the N...
wild,0.405,0.03,0.5010300000000001,868601153922.5388,8388608.000000002,3c,the secret to a delicious meal. It comes down to one word: balance. This is a vital concept to the N...
wild,0.405,0.035,0.50152875,893306713595.2903,8388608.000000002,1,the secret to a delicious meal. It comes down to one word: balance. This is a vital concept to the N...
wild,0.405,0.04,0.50152875,889054068578.8707,8388608.000000002,1,the secret to a delicious meal. It comes down to one word: balance. This is a vital concept to the N...
wild,0.405,0.045,0.50333125,6277.339533840483,513.2530592266276,2,"the secret to good sex  the secret to good sex A few months ago, a reporter from the  Philadelphia  ..."
wild,0.405,0.05,0.50333125,6605.25070916953,526.1294530858003,2,"the secret to good sex  the secret to good sex A few months ago, a reporter from the  Philadelphia  ..."
wild,0.405,0.055,0.50333125,6987.614340752659,541.0608875128997,2,"the secret to good sex  the secret to good sex A few months ago, a reporter from the  Philadelphia  ..."
wild,0.405,0.06,0.5031475000000001,835170.7925154766,8184.007804878055,2,"the secret to good sex  the secret to good sex A few months ago, a reporter from the New York Times ..."
wild,0.405,0.065,0.5031475000000001,708459.0267098409,7530.168761220825,2,"the secret to good sex  the secret to good sex A few months ago, a reporter from the New York Times ..."
wild,0.405,0.07,0.5035675,615799.6126646504,7013.886287625422,2,"the secret to good sex  the secret to good sex A few months ago, a reporter from the New York Times ..."
wild,0.405,0.075,0.5035675,543309.0167630296,6579.30039215686,2,"the secret to good sex  the secret to good sex A few months ago, a reporter from the New York Times ..."
wild,0.405,0.08,0.5010162499999999,15395.069448214626,889.3774385072093,2,"the secret to good sex  the secret to good sex A few months ago, a reporter from the Financial Times..."
wild,0.405,0.085,0.5006375000000001,135223.77519305353,2242.943315508021,2,"the secret to good sex  the secret to good sex A few months ago, I wrote an article for the Huffingt..."
wild,0.405,0.09,0.50007375,3424.2860510966434,450.0326180257512,2,"the secret to good sex  the secret to good sex A few months ago, I wrote an article for the Huffingt..."
wild,0.405,0.095,0.49924625,4155.755274359084,449.261353898886,2,"the secret to good sex  the secret to good sex A few months ago, I wrote an article for the Huffingt..."
wild,0.405,0.1,0.49548875,23269233.125071906,43018.50256410257,1,the secret to good sex: it's all about communication. I encourage my patients and my own family to t...
wild,0.41,0.01,0.5010300000000001,868601124169.385,8388608.000000002,3c,the secret to a delicious meal. It comes down to one word: balance. This is a vital concept to the N...
wild,0.41,0.015,0.5010300000000001,868601124169.385,8388608.000000002,3c,the secret to a delicious meal. It comes down to one word: balance. This is a vital concept to the N...
wild,0.41,0.02,0.5010300000000001,868601123957.9169,8388608.000000002,3c,the secret to a delicious meal. It comes down to one word: balance. This is a vital concept to the N...
wild,0.41,0.025,0.5010300000000001,868601145847.351,8388608.000000002,3c,the secret to a delicious meal. It comes down to one word: balance. This is a vital concept to the N...
wild,0.41,0.03,0.5010300000000001,868601173012.6858,8388608.000000002,3c,the secret to a delicious meal. It comes down to one word: balance. This is a vital concept to the N...
wild,0.41,0.035,0.50152875,893306885684.1488,8388608.000000002,1,the secret to a delicious meal. It comes down to one word: balance. This is a vital concept to the N...
wild,0.41,0.04,0.5017787499999999,868594486271.6884,8388608.000000002,1,the secret to a delicious meal. It comes down to one word: balance. This is a vital concept to the N...
wild,0.41,0.045,0.50333125,6357.965839049936,517.5597235932872,2,"the secret to good sex  the secret to good sex A few months ago, a reporter from the  Philadelphia  ..."
wild,0.41,0.05,0.50333125,6746.430016499866,531.4627470856564,2,"the secret to good sex  the secret to good sex A few months ago, a reporter from the  Philadelphia  ..."
wild,0.41,0.055,0.5031475000000001,859817.1461612761,8305.552475247523,2,"the secret to good sex  the secret to good sex A few months ago, a reporter from the New York Times ..."
wild,0.41,0.06,0.5031475000000001,720875.2161328592,7598.376811594207,2,"the secret to good sex  the secret to good sex A few months ago, a reporter from the New York Times ..."
wild,0.41,0.065,0.5035675,614775.8066620601,7008.026733500416,2,"the secret to good sex  the secret to good sex A few months ago, a reporter from the New York Times ..."
wild,0.41,0.07,0.5035675,526711.4430973341,6477.6895752895725,2,"the secret to good sex  the secret to good sex A few months ago, a reporter from the New York Times ..."
wild,0.41,0.075,0.5035675,483623.7619343276,6200.005912786399,2,"the secret to good sex  the secret to good sex A few months ago, a reporter from the New York Times ..."
wild,0.41,0.08,0.5010162499999999,14969.500965191157,856.6797385620914,2,"the secret to good sex  the secret to good sex A few months ago, a reporter from the Financial Times..."
wild,0.41,0.085,0.49500625,42894059827.957565,1864135.1111111103,2,"the secret to good sex  the secret to good sex When you have good sex, you don’t spend the whole tim..."
wild,0.41,0.09,0.49599,1193.694500587119,287.12376779846664,2,"the secret to good sex  the secret to good sex When you have good sex, you don’t spend the whole tim..."
wild,0.41,0.095,0.49599,1164.85449694335,283.55219037317465,2,"the secret to good sex  the secret to good sex When you have good sex, you don’t spend the whole tim..."
wild,0.41,0.1,0.49548875,23262322.593380317,43018.50256410257,1,the secret to good sex: it's all about communication. I encourage my patients and my own family to t...
wild,0.415,0.01,0.5010300000000001,868601124169.385,8388608.000000002,3c,the secret to a delicious meal. It comes down to one word: balance. This is a vital concept to the N...
wild,0.415,0.015,0.5010300000000001,868601124178.74,8388608.000000002,3c,the secret to a delicious meal. It comes down to one word: balance. This is a vital concept to the N...
wild,0.415,0.02,0.5010300000000001,868601123515.6267,8388608.000000002,3c,the secret to a delicious meal. It comes down to one word: balance. This is a vital concept to the N...
wild,0.415,0.025,0.5010300000000001,868601153120.9487,8388608.000000002,3c,the secret to a delicious meal. It comes down to one word: balance. This is a vital concept to the N...
wild,0.415,0.03,0.50152875,893306753338.4756,8388608.000000002,1,the secret to a delicious meal. It comes down to one word: balance. This is a vital concept to the N...
wild,0.415,0.035,0.50152875,889054088631.0922,8388608.000000002,1,the secret to a delicious meal. It comes down to one word: balance. This is a vital concept to the N...
wild,0.415,0.04,0.5017787499999999,868594599076.4237,8388608.000000002,1,the secret to a delicious meal. It comes down to one word: balance. This is a vital concept to the N...
wild,0.415,0.045,0.50333125,6530.67237148894,526.3935742971887,2,"the secret to good sex  the secret to good sex A few months ago, a reporter from the  Philadelphia  ..."
wild,0.415,0.05,0.50333125,6987.957488192481,541.0608875128997,2,"the secret to good sex  the secret to good sex A few months ago, a reporter from the  Philadelphia  ..."
wild,0.415,0.055,0.5031475000000001,722355.9743807095,7605.265639165917,2,"the secret to good sex  the secret to good sex A few months ago, a reporter from the New York Times ..."
wild,0.415,0.06,0.5035675,614746.9190170303,7008.026733500416,2,"the secret to good sex  the secret to good sex A few months ago, a reporter from the New York Times ..."
wild,0.415,0.065,0.5035675,526713.9761958151,6477.6895752895725,2,"the secret to good sex  the secret to good sex A few months ago, a reporter from the New York Times ..."
wild,0.415,0.07,0.5035675,483537.8110006376,6200.005912786399,2,"the secret to good sex  the secret to good sex A few months ago, a reporter from the New York Times ..."
wild,0.415,0.075,0.49402125,23065363.47704321,43240.24742268042,1,the secret to good sex: it's all about communication. I encourage my patients and my own family to t...
wild,0.415,0.08,0.50007375,3419.801835021843,450.0326180257512,2,"the secret to good sex  the secret to good sex A few months ago, I wrote an article for the Huffingt..."
wild,0.415,0.085,0.49548875,23276254.699394327,43018.50256410257,1,the secret to good sex: it's all about communication. I encourage my patients and my own family to t...
wild,0.415,0.09,0.49548875,23270012.26937625,43018.50256410257,1,the secret to good sex: it's all about communication. I encourage my patients and my own family to t...
wild,0.415,0.095,0.49599,1170.461388815832,284.62975027144404,2,"the secret to good sex  the secret to good sex When you have good sex, you don’t spend the whole tim..."
wild,0.415,0.1,0.49548875,23134129.77287164,42908.4808184143,1,the secret to good sex: it's all about communication. I encourage my patients and my own family to t...
wild,0.42,0.01,0.5010300000000001,868601124169.385,8388608.000000002,3c,the secret to a delicious meal. It comes down to one word: balance. This is a vital concept to the N...
wild,0.42,0.015,0.5010300000000001,868601124023.6654,8388608.000000002,3c,the secret to a delicious meal. It comes down to one word: balance. This is a vital concept to the N...
wild,0.42,0.02,0.5010300000000001,868601123304.841,8388608.000000002,3c,the secret to a delicious meal. It comes down to one word: balance. This is a vital concept to the N...
wild,0.42,0.025,0.5010300000000001,868601149016.8878,8388608.000000002,3c,the secret to a delicious meal. It comes down to one word: balance. This is a vital concept to the N...
wild,0.42,0.03,0.50152875,893306820243.3604,8388608.000000002,1,the secret to a delicious meal. It comes down to one word: balance. This is a vital concept to the N...
wild,0.42,0.035,0.5017787499999999,868594385878.091,8388608.000000002,1,the secret to a delicious meal. It comes down to one word: balance. This is a vital concept to the N...
wild,0.42,0.04,0.50333125,6326.540414611564,517.5597235932872,2,"the secret to good sex  the secret to good sex A few months ago, a reporter from the  Philadelphia  ..."
wild,0.42,0.045,0.50333125,6724.106822872565,531.4627470856564,2,"the secret to good sex  the secret to good sex A few months ago, a reporter from the  Philadelphia  ..."
wild,0.42,0.05,0.50333125,7320.924151212469,559.5389541088581,2,"the secret to good sex  the secret to good sex A few months ago, a reporter from the  Philadelphia  ..."
wild,0.42,0.055,0.5031475000000001,614612.6927012168,7008.026733500416,2,"the secret to good sex  the secret to good sex A few months ago, a reporter from the New York Times ..."
wild,0.42,0.06,0.5035675,524199.3648622662,6462.718027734981,2,"the secret to good sex  the secret to good sex A few months ago, a reporter from the New York Times ..."
wild,0.42,0.065,0.5035675,473197.8310896529,6132.023391812862,2,"the secret to good sex  the secret to good sex A few months ago, a reporter from the New York Times ..."
wild,0.42,0.07,0.5035675,422393.3649955105,5785.24689655172,2,"the secret to good sex  the secret to good sex A few months ago, a reporter from the New York Times ..."
wild,0.42,0.075,0.49599,1194.7238631770422,286.33970507919173,2,"the secret to good sex  the secret to good sex When you have good sex, you don’t spend the whole tim..."
wild,0.42,0.08,0.49599,1192.9068896441863,287.2810958904109,2,"the secret to good sex  the secret to good sex When you have good sex, you don’t spend the whole tim..."
wild,0.42,0.085,0.49548875,23158985.419113614,42908.4808184143,1,the secret to good sex: it's all about communication. I encourage my patients and my own family to t...
wild,0.42,0.09,0.49548875,23250598.16043199,43018.50256410257,1,the secret to good sex: it's all about communication. I encourage my patients and my own family to t...
wild,0.42,0.095,0.4954275,7878019501.940297,798915.0476190483,2,"the secret to good sex  the secret to good sex When you have good sex, you don’t spend the rest of t..."
wild,0.42,0.1,0.4954275,7178090625.647082,762600.7272727274,2,"the secret to good sex  the secret to good sex When you have good sex, you don’t spend the rest of t..."
wild,0.425,0.01,0.5010300000000001,868601124169.385,8388608.000000002,3c,the secret to a delicious meal. It comes down to one word: balance. This is a vital concept to the N...
wild,0.425,0.015,0.5010300000000001,868601123840.2686,8388608.000000002,3c,the secret to a delicious meal. It comes down to one word: balance. This is a vital concept to the N...
wild,0.425,0.02,0.5010300000000001,868601119363.0457,8388608.000000002,3c,the secret to a delicious meal. It comes down to one word: balance. This is a vital concept to the N...
wild,0.425,0.025,0.50257875,868589937360.7379,8388608.000000002,1,the secret to a delicious meal. It comes down to one word: balance. This is a vital concept to the N...
wild,0.425,0.03,0.50152875,893307005949.5687,8388608.000000002,1,the secret to a delicious meal. It comes down to one word: balance. This is a vital concept to the N...
wild,0.425,0.035,0.5017787499999999,868594660726.5831,8388608.000000002,1,the secret to a delicious meal. It comes down to one word: balance. This is a vital concept to the N...
wild,0.425,0.04,0.50333125,6503.158563147262,526.3935742971887,2,"the secret to good sex  the secret to good sex A few months ago, a reporter from the  Philadelphia  ..."
wild,0.425,0.045,0.50333125,6922.169813710143,541.0608875128997,2,"the secret to good sex  the secret to good sex A few months ago, a reporter from the  Philadelphia  ..."
wild,0.425,0.05,0.5031475000000001,614541.8150876812,7008.026733500416,2,"the secret to good sex  the secret to good sex A few months ago, a reporter from the New York Times ..."
wild,0.425,0.055,0.5035675,516332.59404921456,6413.308868501524,2,"the secret to good sex  the secret to good sex A few months ago, a reporter from the New York Times ..."
wild,0.425,0.06,0.5035675,462474.5189770808,6061.132947976882,2,"the secret to good sex  the secret to good sex A few months ago, a reporter from the New York Times ..."
wild,0.425,0.065,0.5035675,414128.6030837941,5726.012286689418,2,"the secret to good sex  the secret to good sex A few months ago, a reporter from the New York Times ..."
wild,0.425,0.07,0.49599,1194.683948245082,286.33970507919173,2,"the secret to good sex  the secret to good sex When you have good sex, you don’t spend the whole tim..."
wild,0.425,0.075,0.49548875,23273198.57623684,43018.50256410257,1,the secret to good sex: it's all about communication. I encourage my patients and my own family to t...
wild,0.425,0.08,0.49599,1168.5124424187882,284.01300108342366,2,"the secret to good sex  the secret to good sex When you have good sex, you don’t spend the whole tim..."
wild,0.425,0.085,0.49548875,23608940.19647181,43351.97932816538,1,the secret to good sex: it's all about communication. I encourage my patients and my own family to t...
wild,0.425,0.09,0.49548875,23487540.5012271,43240.24742268042,1,the secret to good sex: it's all about communication. I encourage my patients and my own family to t...
wild,0.425,0.095,0.492085,64101.06463563275,2040.0311284046684,1,"the secret to good sex: it's all about communication. You can be the most loving, considerate partne..."
wild,0.425,0.1,0.492085,65339.63861210844,2070.2388943731494,1,"the secret to good sex: it's all about communication. You can be the most loving, considerate partne..."
wild,0.43,0.01,0.5010300000000001,868601124169.385,8388608.000000002,3c,the secret to a delicious meal. It comes down to one word: balance. This is a vital concept to the N...
wild,0.43,0.015,0.5010300000000001,868601123559.7781,8388608.000000002,3c,the secret to a delicious meal. It comes down to one word: balance. This is a vital concept to the N...
wild,0.43,0.02,0.5010300000000001,868601150521.6488,8388608.000000002,3c,the secret to a delicious meal. It comes down to one word: balance. This is a vital concept to the N...
wild,0.43,0.025,0.50152875,893306840014.3744,8388608.000000002,1,the secret to a delicious meal. It comes down to one word: balance. This is a vital concept to the N...
wild,0.43,0.03,0.5017787499999999,868594481159.5109,8388608.000000002,1,the secret to a delicious meal. It comes down to one word: balance. This is a vital concept to the N...
wild,0.43,0.035,0.50333125,6225.439486361831,513.2530592266276,2,"the secret to good sex  the secret to good sex A few months ago, a reporter from the  Philadelphia  ..."
wild,0.43,0.04,0.50333125,6675.070369197225,531.4627470856564,2,"the secret to good sex  the secret to good sex A few months ago, a reporter from the  Philadelphia  ..."
wild,0.43,0.045,0.50333125,7299.81030022205,559.5389541088581,2,"the secret to good sex  the secret to good sex A few months ago, a reporter from the  Philadelphia  ..."
wild,0.43,0.05,0.5035675,516061.5157309187,6413.308868501524,2,"the secret to good sex  the secret to good sex A few months ago, a reporter from the New York Times ..."
wild,0.43,0.055,0.5035675,446474.51706306014,5953.589779985804,2,"the secret to good sex  the secret to good sex A few months ago, a reporter from the New York Times ..."
wild,0.43,0.06,0.49500625,42894059035.45395,1864135.1111111103,2,"the secret to good sex  the secret to good sex When you have good sex, you don’t spend the whole tim..."
wild,0.43,0.065,0.49599,1197.008642052867,286.8096280087528,2,"the secret to good sex  the secret to good sex When you have good sex, you don’t spend the whole tim..."
wild,0.43,0.07,0.49599,1169.2220950795115,283.7056277056277,2,"the secret to good sex  the secret to good sex When you have good sex, you don’t spend the whole tim..."
wild,0.43,0.075,0.49599,1170.5915001222068,284.4753119913185,2,"the secret to good sex  the secret to good sex When you have good sex, you don’t spend the whole tim..."
wild,0.43,0.08,0.49548875,23606791.69877968,43351.97932816538,1,the secret to good sex: it's all about communication. I encourage my patients and my own family to t...
wild,0.43,0.085,0.49548875,23486094.00342365,43240.24742268042,1,the secret to good sex: it's all about communication. I encourage my patients and my own family to t...
wild,0.43,0.09,0.4954275,7178093759.393869,762600.7272727274,2,"the secret to good sex  the secret to good sex When you have good sex, you don’t spend the rest of t..."
wild,0.43,0.095,0.49736125,7205508206.898338,762600.7272727274,1,the secret to good sex: it's all about communication. I encourage my patients and my own family to t...
wild,0.43,0.1,0.492085,64986.10761125861,2071.261234567902,1,"the secret to good sex: it's all about communication. You can be the most loving, considerate partne..."
wild,0.435,0.01,0.5010300000000001,868601124008.4349,8388608.000000002,3c,the secret to a delicious meal. It comes down to one word: balance. This is a vital concept to the N...
wild,0.435,0.015,0.5010300000000001,868601122963.2357,8388608.000000002,3c,the secret to a delicious meal. It comes down to one word: balance. This is a vital concept to the N...
wild,0.435,0.02,0.50257875,868589954196.5009,8388608.000000002,1,the secret to a delicious meal. It comes down to one word: balance. This is a vital concept to the N...
wild,0.435,0.025,0.50152875,893307086525.3226,8388608.000000002,1,the secret to a delicious meal. It comes down to one word: balance. This is a vital concept to the N...
wild,0.435,0.03,0.5017787499999999,868594715535.5332,8388608.000000002,1,the secret to a delicious meal. It comes down to one word: balance. This is a vital concept to the N...
wild,0.435,0.035,0.50333125,6341.132620970538,518.0711462450591,2,"the secret to good sex  the secret to good sex A few months ago, a reporter from the  Philadelphia  ..."
wild,0.435,0.04,0.50333125,6905.55592262911,541.0608875128997,2,"the secret to good sex  the secret to good sex A few months ago, a reporter from the  Philadelphia  ..."
wild,0.435,0.045,0.5031475000000001,503397.8447414224,6331.024905660373,2,"the secret to good sex  the secret to good sex A few months ago, a reporter from the New York Times ..."
wild,0.435,0.05,0.5035675,436002.2757200701,5882.614305750346,2,"the secret to good sex  the secret to good sex A few months ago, a reporter from the New York Times ..."
wild,0.435,0.055,0.49500625,42894058597.58496,1864135.1111111103,2,"the secret to good sex  the secret to good sex When you have good sex, you don’t spend the whole tim..."
wild,0.435,0.06,0.49599,1195.5852323878005,286.8096280087528,2,"the secret to good sex  the secret to good sex When you have good sex, you don’t spend the whole tim..."
wild,0.435,0.065,0.49599,1167.611735808032,283.55219037317465,2,"the secret to good sex  the secret to good sex When you have good sex, you don’t spend the whole tim..."
wild,0.435,0.07,0.49599,1170.4441657223242,284.62975027144404,2,"the secret to good sex  the secret to good sex When you have good sex, you don’t spend the whole tim..."
wild,0.435,0.075,0.49548875,23485476.776015475,43240.24742268042,1,the secret to good sex: it's all about communication. I encourage my patients and my own family to t...
wild,0.435,0.08,0.4954275,7178090203.891035,762600.7272727274,2,"the secret to good sex  the secret to good sex When you have good sex, you don’t spend the rest of t..."
wild,0.435,0.085,0.5031950000000001,7187649143.758705,762600.7272727274,1,the secret to good sex: it's all about communication. I encourage my patients and my own family to t...
wild,0.435,0.09,0.49736125,7205289659.891803,762600.7272727274,1,the secret to good sex: it's all about communication. I encourage my patients and my own family to t...
wild,0.435,0.095,0.492085,65875.57633952101,2094.010983524713,1,"the secret to good sex: it's all about communication. You can be the most loving, considerate partne..."
wild,0.435,0.1,0.4931925,143339.72998264126,2709.498708010336,1,"the secret to good sex: it's all about communication. You can be the most loving, considerate partne..."
wild,0.44,0.01,0.5010300000000001,868601123899.0471,8388608.000000002,3c,the secret to a delicious meal. It comes down to one word: balance. This is a vital concept to the N...
wild,0.44,0.015,0.5003537499999999,868911244413.2776,8388608.000000002,1,the secret to a delicious meal. It comes down to one word: balance. This is a vital concept to the N...
wild,0.44,0.02,0.50257875,868590056296.6204,8388608.000000002,1,the secret to a delicious meal. It comes down to one word: balance. This is a vital concept to the N...
wild,0.44,0.025,0.5017787499999999,868594534501.6215,8388608.000000002,1,the secret to a delicious meal. It comes down to one word: balance. This is a vital concept to the N...
wild,0.44,0.03,0.50333125,6225.667828356357,513.0019569471624,2,"the secret to good sex  the secret to good sex A few months ago, a reporter from the  Philadelphia  ..."
wild,0.44,0.035,0.50333125,6643.730107290457,531.1935157041538,2,"the secret to good sex  the secret to good sex A few months ago, a reporter from the  Philadelphia  ..."
wild,0.44,0.04,0.50333125,7298.25578745513,559.5389541088581,2,"the secret to good sex  the secret to good sex A few months ago, a reporter from the  Philadelphia  ..."
wild,0.44,0.045,0.4962375,4177.866204077674,497.4269449715368,2,"the secret to good sex  the secret to good sex When you have good sex, you don’t spend the whole tim..."
wild,0.44,0.05,0.49599,1190.986114694299,284.4753119913185,2,"the secret to good sex  the secret to good sex When you have good sex, you don’t spend the whole tim..."
wild,0.44,0.055,0.49599,1197.4590701144691,287.12376779846664,2,"the secret to good sex  the secret to good sex When you have good sex, you don’t spend the whole tim..."
wild,0.44,0.06,0.49548875,23159108.150193814,42908.4808184143,1,the secret to good sex: it's all about communication. I encourage my patients and my own family to t...
wild,0.44,0.065,0.49548875,23258790.708700445,43018.50256410257,1,the secret to good sex: it's all about communication. I encourage my patients and my own family to t...
wild,0.44,0.07,0.49548875,23020108.680720165,42799.020408163255,1,the secret to good sex: it's all about communication. I encourage my patients and my own family to t...
wild,0.44,0.075,0.4954275,7178090536.25646,762600.7272727274,2,"the secret to good sex  the secret to good sex When you have good sex, you don’t spend the rest of t..."
wild,0.44,0.08,0.492085,65040.30070436852,2073.308947108255,1,"the secret to good sex: it's all about communication. You can be the most loving, considerate partne..."
wild,0.44,0.085,0.492085,65945.37062425037,2095.0569430569435,1,"the secret to good sex: it's all about communication. You can be the most loving, considerate partne..."
wild,0.44,0.09,0.492085,66891.37058505772,2116.197780020181,1,"the secret to good sex: it's all about communication. You can be the most loving, considerate partne..."
wild,0.44,0.095,0.5212825000000001,321132960.5966831,161319.3846153847,4,the secret to good computer performance — it comes down to how you organize your stuff and how you p...
wild,0.44,0.1,0.5260200000000002,386005443664.9659,5592405.333333328,3b,the secret to good computer performance — it comes down to how you organize your data and how fast y...
wild,0.445,0.01,0.5010300000000001,868601123020.6631,8388608.000000002,3c,the secret to a delicious meal. It comes down to one word: balance. This is a vital concept to the N...
wild,0.445,0.015,0.5003537499999999,868911433602.199,8388608.000000002,1,the secret to a delicious meal. It comes down to one word: balance. This is a vital concept to the N...
wild,0.445,0.02,0.50259375,868590117998.8026,8388608.000000002,1,the secret to a delicious meal. It comes down to one word: balance. This is a vital concept to the N...
wild,0.445,0.025,0.5017787499999999,868594801062.1339,8388608.000000002,1,the secret to a delicious meal. It comes down to one word: balance. This is a vital concept to the N...
wild,0.445,0.03,0.50333125,6315.354701290278,517.5597235932872,2,"the secret to good sex  the secret to good sex A few months ago, a reporter from the  Philadelphia  ..."
wild,0.445,0.035,0.50333125,6905.902025801664,545.2813312532501,2,"the secret to good sex  the secret to good sex A few months ago, a reporter from the  Philadelphia  ..."
wild,0.445,0.04,0.49500625,42894059228.83023,1864135.1111111103,2,"the secret to good sex  the secret to good sex When you have good sex, you don’t spend the whole tim..."
wild,0.445,0.045,0.49599,1192.3915814954278,284.4753119913185,2,"the secret to good sex  the secret to good sex When you have good sex, you don’t spend the whole tim..."
wild,0.445,0.05,0.49599,1197.586638261564,287.12376779846664,2,"the secret to good sex  the secret to good sex When you have good sex, you don’t spend the whole tim..."
wild,0.445,0.055,0.49548875,23152980.064982805,42908.4808184143,1,the secret to good sex: it's all about communication. I encourage my patients and my own family to t...
wild,0.445,0.06,0.49548875,23250716.21103243,43018.50256410257,1,the secret to good sex: it's all about communication. I encourage my patients and my own family to t...
wild,0.445,0.065,0.4954275,7178088755.305506,762600.7272727274,2,"the secret to good sex  the secret to good sex When you have good sex, you don’t spend the rest of t..."
wild,0.445,0.07,0.49548875,23704478.865463786,43464.29015544042,1,the secret to good sex: it's all about communication. I encourage my patients and my own family to t...
wild,0.445,0.075,0.49736125,7205289858.353132,762600.7272727274,1,the secret to good sex: it's all about communication. I encourage my patients and my own family to t...
wild,0.445,0.08,0.492085,66919.64368891573,2116.197780020181,1,"the secret to good sex: it's all about communication. You can be the most loving, considerate partne..."
wild,0.445,0.085,0.5212825000000001,354398093.4616521,169466.8282828282,4,the secret to good computer performance — it comes down to how you organize your stuff and how you p...
wild,0.445,0.09,0.5212825000000001,315044347.62761843,159783.00952380948,4,the secret to good computer performance — it comes down to how you organize your stuff and how you p...
wild,0.445,0.095,0.5260200000000002,386004488802.7958,5592405.333333328,3b,the secret to good computer performance — it comes down to how you organize your data and how fast y...
wild,0.445,0.1,0.5230875,2646755.943878616,12642.96608892238,4,the secret to good computer performance — it comes down to how you organize your data and memory. Co...
wild,0.45,0.01,0.5003537499999999,868911258926.1189,8388608.000000002,1,the secret to a delicious meal. It comes down to one word: balance. This is a vital concept to the N...
wild,0.45,0.015,0.50259375,868590130626.943,8388608.000000002,1,the secret to a delicious meal. It comes down to one word: balance. This is a vital concept to the N...
wild,0.45,0.02,0.5017787499999999,868594619058.7936,8388608.000000002,1,the secret to a delicious meal. It comes down to one word: balance. This is a vital concept to the N...
wild,0.45,0.025,0.50333125,5996.695975521377,500.2748091603053,2,"the secret to good sex  the secret to good sex A few months ago, a reporter from the  Philadelphia  ..."
wild,0.45,0.03,0.4960675,46958.70481815095,1496.8965024982149,2,"the secret to good sex  the secret to good sex When you have good sex, you don’t spend the whole tim..."
wild,0.45,0.035,0.49500625,42894059578.94445,1864135.1111111103,2,"the secret to good sex  the secret to good sex When you have good sex, you don’t spend the whole tim..."
wild,0.45,0.04,0.49599,1191.7592302280582,284.4753119913185,2,"the secret to good sex  the secret to good sex When you have good sex, you don’t spend the whole tim..."
wild,0.45,0.045,0.49599,1198.4161134340054,287.2810958904109,2,"the secret to good sex  the secret to good sex When you have good sex, you don’t spend the whole tim..."
wild,0.45,0.05,0.49548875,23161480.21524973,42908.4808184143,1,the secret to good sex: it's all about communication. I encourage my patients and my own family to t...
wild,0.45,0.055,0.49548875,23252243.884152465,43018.50256410257,1,the secret to good sex: it's all about communication. I encourage my patients and my own family to t...
wild,0.45,0.06,0.5031587500000001,265083480.27651444,145888.8347826086,3c,"the secret to good sex In sex, you have to have a good start and a good finish Research published in..."
wild,0.45,0.065,0.49548875,23709208.201558627,43464.29015544042,1,the secret to good sex: it's all about communication. I encourage my patients and my own family to t...
wild,0.45,0.07,0.4926475,54164.16335656034,2094.010983524713,1,"the secret to good sex: it's all about communication. You can be the most loving, considerate partne..."
wild,0.45,0.075,0.492085,66482.72928091061,2109.8108651911466,1,"the secret to good sex: it's all about communication. You can be the most loving, considerate partne..."
wild,0.45,0.08,0.5212825000000001,354398462.030573,169466.8282828282,4,the secret to good computer performance — it comes down to how you organize your stuff and how you p...
wild,0.45,0.085,0.5212825000000001,309127087.4730294,158275.62264150937,4,the secret to good computer performance — it comes down to how you organize your stuff and how you p...
wild,0.45,0.09,0.5230875,2482511.197457861,12520.310447761198,4,the secret to good computer performance — it comes down to how you organize your data and memory. Co...
wild,0.45,0.095,0.5230875,2640251.5381276626,12642.96608892238,4,the secret to good computer performance — it comes down to how you organize your data and memory. Co...
wild,0.45,0.1,0.5230875,2852225.558025284,12787.51219512196,4,the secret to good computer performance — it comes down to how you organize your data and memory. Co...
wild,0.455,0.01,0.5003537499999999,868911465719.9365,8388608.000000002,1,the secret to a delicious meal. It comes down to one word: balance. This is a vital concept to the N...
wild,0.455,0.015,0.50259375,868590197967.7336,8388608.000000002,1,the secret to a delicious meal. It comes down to one word: balance. This is a vital concept to the N...
wild,0.455,0.02,0.5017787499999999,868594906709.4546,8388608.000000002,1,the secret to a delicious meal. It comes down to one word: balance. This is a vital concept to the N...
wild,0.455,0.025,0.4960675,45170.39318212446,1456.3555555555552,2,"the secret to good sex  the secret to good sex When you have good sex, you don’t spend the whole tim..."
wild,0.455,0.03,0.4944174999999999,76919.38420608453,2075.360712518555,2,"the secret to good sex  the secret to good sex When you have good sex, you don’t spend the whole tim..."
wild,0.455,0.035,0.49599,1198.38037168927,284.4753119913185,2,"the secret to good sex  the secret to good sex When you have good sex, you don’t spend the whole tim..."
wild,0.455,0.04,0.49599,1170.1010752981256,282.94009713977334,2,"the secret to good sex  the secret to good sex When you have good sex, you don’t spend the whole tim..."
wild,0.455,0.045,0.49548875,23159168.229288567,42908.4808184143,1,the secret to good sex: it's all about communication. I encourage my patients and my own family to t...
wild,0.455,0.05,0.49549875,6567677602.282802,729444.1739130437,2,"the secret to good sex  the secret to good sex When you have good sex, you don’t spend the rest of t..."
wild,0.455,0.055,0.5031587500000001,243685885.0221514,139810.13333333327,3c,"the secret to good sex In sex, you have to have a good start and a good finish Research published in..."
wild,0.455,0.06,0.503935,7187833466.153508,762600.7272727274,1,the secret to good sex: it's all about communication. I encourage my patients and my own family to t...
wild,0.455,0.065,0.4926475,55020.483693343136,2110.872672370408,1,"the secret to good sex: it's all about communication. You can be the most loving, considerate partne..."
wild,0.455,0.07,0.52136125,401611563.67500097,180400.17204301077,4,the secret to good computer performance — it comes down to how you organize your stuff and how you p...
wild,0.455,0.075,0.5212825000000001,347345095.8531327,167772.15999999997,4,the secret to good computer performance — it comes down to how you organize your stuff and how you p...
wild,0.455,0.08,0.5212825000000001,303375111.87396586,156796.41121495326,4,the secret to good computer performance — it comes down to how you organize your stuff and how you p...
wild,0.455,0.085,0.5230875,2472080.02451722,12520.310447761198,4,the secret to good computer performance — it comes down to how you organize your data and memory. Co...
wild,0.455,0.09,0.5230875,2622401.257688864,12652.500754147815,4,the secret to good computer performance — it comes down to how you organize your data and memory. Co...
wild,0.455,0.095,0.5230875,2873758.7081106678,12856.104214559386,4,the secret to good computer performance — it comes down to how you organize your data and memory. Co...
wild,0.455,0.1,0.52162875,3217452.73119388,13005.593798449616,3b,the secret to good computer performance — it comes down to how you organize your data and memory. Co...
wild,0.46,0.01,0.50257875,868590175641.7987,8388608.000000002,1,the secret to a delicious meal. It comes down to one word: balance. This is a vital concept to the N...
wild,0.46,0.015,0.50259375,868590327830.0906,8388608.000000002,1,the secret to a delicious meal. It comes down to one word: balance. This is a vital concept to the N...
wild,0.46,0.02,0.4960675,43283.8224641705,1432.4808743169403,2,"the secret to good sex  the secret to good sex When you have good sex, you don’t spend the whole tim..."
wild,0.46,0.025,0.49599,1293.927291946752,293.06204583566245,2,"the secret to good sex  the secret to good sex When you have good sex, you don’t spend the whole tim..."
wild,0.46,0.03,0.5011487499999999,617361154.2269318,223696.21333333344,1,"the secret to good sex In sex, you have to have a good start and a good finish Research published in..."
wild,0.46,0.035,0.5011487499999999,419311297.6881363,184365.0109890111,1,"the secret to good sex In sex, you have to have a good start and a good finish Research published in..."
wild,0.46,0.04,0.49601875,1179.4979823384658,285.5599128540304,2,"the secret to good sex  the secret to good sex When you have good sex, you don’t spend the whole tim..."
wild,0.46,0.045,0.49548875,23484924.54823414,43240.24742268042,1,the secret to good sex: it's all about communication. I encourage my patients and my own family to t...
wild,0.46,0.05,0.4947224999999999,23302433.04921377,43464.29015544042,1,the secret to good sex: it's all about communication. I encourage my patients and my own family to t...
wild,0.46,0.055,0.4947224999999999,23182102.927318797,43351.97932816538,1,the secret to good sex: it's all about communication. I encourage my patients and my own family to t...
wild,0.46,0.06,0.4926475,55465.35220214525,2119.4057604850927,1,"the secret to good sex: it's all about communication. You can be the most loving, considerate partne..."
wild,0.46,0.065,0.5212825000000001,401613115.38140535,180400.17204301077,4,the secret to good computer performance — it comes down to how you organize your stuff and how you p...
wild,0.46,0.07,0.5212825000000001,340500098.288354,166111.04950495035,4,the secret to good computer performance — it comes down to how you organize your stuff and how you p...
wild,0.46,0.075,0.5212825000000001,292342586.4368497,153919.4128440368,4,the secret to good computer performance — it comes down to how you organize your stuff and how you p...
wild,0.46,0.08,0.5230875,2462608.834283964,12529.660941000757,4,the secret to good computer performance — it comes down to how you organize your data and memory. Co...
wild,0.46,0.085,0.5230875,2622095.021381987,12662.049811320749,4,the secret to good computer performance — it comes down to how you organize your data and memory. Co...
wild,0.46,0.09,0.5230875,2889738.3541735844,12856.104214559386,4,the secret to good computer performance — it comes down to how you organize your data and memory. Co...
wild,0.46,0.095,0.5216862499999999,3243505.4952594265,13005.593798449616,4,the secret to good computer performance — it comes down to how you organize your data and memory. Co...
wild,0.46,0.1,0.5216862499999999,3770367.271990682,13127.712050078251,4,the secret to good computer performance — it comes down to how you organize your data and memory. Co...
wild,0.465,0.01,0.50259375,868590226789.4364,8388608.000000002,1,the secret to a delicious meal. It comes down to one word: balance. This is a vital concept to the N...
wild,0.465,0.015,0.5017787499999999,868595011254.6042,8388608.000000002,1,the secret to a delicious meal. It comes down to one word: balance. This is a vital concept to the N...
wild,0.465,0.02,0.49599,1307.2850856499772,292.73478503629264,2,"the secret to good sex  the secret to good sex When you have good sex, you don’t spend the whole tim..."
wild,0.465,0.025,0.5011487499999999,617360991.2803224,223696.21333333344,1,"the secret to good sex In sex, you have to have a good start and a good finish Research published in..."
wild,0.465,0.03,0.5011487499999999,384734896.6766383,176602.27368421044,1,"the secret to good sex In sex, you have to have a good start and a good finish Research published in..."
wild,0.465,0.035,0.5036025000000001,294808878.8157829,153919.4128440368,1,"the secret to good sex In sex, you have to have a good start and a good finish Research published in..."
wild,0.465,0.04,0.5031587500000001,235804077.26838225,137518.16393442612,3c,"the secret to good sex In sex, you have to have a good start and a good finish Research published in..."
wild,0.465,0.045,0.4947224999999999,23182195.64190131,43351.97932816538,1,the secret to good sex: it's all about communication. I encourage my patients and my own family to t...
wild,0.465,0.05,0.4947224999999999,22944274.56332809,43129.089974293056,1,the secret to good sex: it's all about communication. I encourage my patients and my own family to t...
wild,0.465,0.055,0.5231524999999999,4430124228.65603,599186.2857142857,3b,the secret to good computer performance — it comes down to how you organize your stuff and how you p...
wild,0.465,0.06,0.5213012499999999,4130316131.777959,578524.6896551723,4,the secret to good computer performance — it comes down to how you organize your stuff and how you p...
wild,0.465,0.065,0.5212825000000001,333855409.15234494,164482.50980392154,4,the secret to good computer performance — it comes down to how you organize your stuff and how you p...
wild,0.465,0.07,0.5212825000000001,281900771.794183,151146.09009009003,4,the secret to good computer performance — it comes down to how you organize your stuff and how you p...
wild,0.465,0.075,0.5230875,2474818.3035933124,12595.50750750751,4,the secret to good computer performance — it comes down to how you organize your data and memory. Co...
wild,0.465,0.08,0.5230875,2631259.811454435,12768.048706240485,4,the secret to good computer performance — it comes down to how you organize your data and memory. Co...
wild,0.465,0.085,0.5230875,2899262.02666228,12885.726574500764,4,the secret to good computer performance — it comes down to how you organize your data and memory. Co...
wild,0.465,0.09,0.5216862499999999,3277633.7510347567,13056.199221789882,4,the secret to good computer performance — it comes down to how you organize your data and memory. Co...
wild,0.465,0.095,0.5216862499999999,3864004.463794508,13127.712050078251,4,the secret to good computer performance — it comes down to how you organize your data and memory. Co...
wild,0.465,0.1,0.5216862499999999,4621278.600143379,14230.039016115354,4,the secret to good computer performance — it comes down to how you organize your data and memory. Co...
wild,0.47,0.01,0.50259375,868590199045.0277,8388608.000000002,1,the secret to a delicious meal. It comes down to one word: balance. This is a vital concept to the N...
wild,0.47,0.015,0.4920837499999999,66539.95216482785,1669.707006369427,1,"the secret to good sex In sex, you have to have a good partner and good technique. But you also have..."
wild,0.47,0.02,0.5011487499999999,601216081.3531911,220752.84210526323,1,"the secret to good sex In sex, you have to have a good start and a good finish Research published in..."
wild,0.47,0.025,0.50474,356976565.7316755,169466.8282828282,1,"the secret to good sex In sex, you have to have a good start and a good finish Research published in..."
wild,0.47,0.03,0.5036025000000001,260552884.78226963,144631.17241379304,1,"the secret to good sex In sex, you have to have a good start and a good finish Research published in..."
wild,0.47,0.035,0.4947224999999999,22944406.61646935,43129.089974293056,1,the secret to good sex: it's all about communication. I encourage my patients and my own family to t...
wild,0.47,0.04,0.4947224999999999,23302513.90657802,43464.29015544042,1,the secret to good sex: it's all about communication. I encourage my patients and my own family to t...
wild,0.47,0.045,0.5242512500000001,5138755341.247722,645277.5384615388,3b,the secret to good computer performance — it comes down to how you organize your stuff and how you p...
wild,0.47,0.05,0.5213012499999999,4765024584.35227,621378.3703703706,4,the secret to good computer performance — it comes down to how you organize your stuff and how you p...
wild,0.47,0.055,0.5213012499999999,4130328366.3228097,578524.6896551723,4,the secret to good computer performance — it comes down to how you organize your stuff and how you p...
wild,0.47,0.06,0.5212825000000001,327403329.995793,162885.59223300975,4,the secret to good computer performance — it comes down to how you organize your stuff and how you p...
wild,0.47,0.065,0.5230875,2311976.721931956,12300.011730205268,3b,the secret to good computer performance — it comes down to how you organize your data and memory. Co...
wild,0.47,0.07,0.5230875,2466047.70072549,12604.970698722764,4,the secret to good computer performance — it comes down to how you organize your data and memory. Co...
wild,0.47,0.075,0.5230875,2641043.9588581794,12777.77303884234,4,the secret to good computer performance — it comes down to how you organize your data and memory. Co...
wild,0.47,0.08,0.5230875,2906867.4962406578,12915.485758275589,4,the secret to good computer performance — it comes down to how you organize your data and memory. Co...
wild,0.47,0.085,0.5216862499999999,3308596.9379984704,13086.751950077996,4,the secret to good computer performance — it comes down to how you organize your data and memory. Co...
wild,0.47,0.09,0.5216862499999999,3927735.50648388,13262.621343873509,4,the secret to good computer performance — it comes down to how you organize your data and memory. Co...
wild,0.47,0.095,0.52056875,347450.8617652119,5312.607979734011,3b,"the secret to good computer performance — memory management. When memory is managed correctly, your ..."
wild,0.47,0.1,0.5196087500000001,506444.77926670585,6413.308868501524,3b,"the secret to good computer performance — memory management. When memory is managed correctly, your ..."
wild,0.475,0.01,0.4966233333333333,320597.33258088643,3151.2426746806905,1,the secret to a delicious meal. It comes down to one easy-to-follow formula: Keep a balance between ...
wild,0.475,0.015,0.4989499999999999,1492943374.2182963,328965.01960784313,2,"the secret to good sex In sex, you have to have a good start and a good finish Research published in..."
wild,0.475,0.02,0.49601875,1196.4640344061856,285.71553133514993,2,"the secret to good sex  the secret to good sex When you have good sex, you don’t spend the whole tim..."
wild,0.475,0.025,0.5036025000000001,217795890.46897343,132104.06299212604,1,"the secret to good sex In sex, you have to have a good start and a good finish Research published in..."
wild,0.475,0.03,0.4947224999999999,23302574.435703427,43464.29015544042,1,the secret to good sex: it's all about communication. I encourage my patients and my own family to t...
wild,0.475,0.035,0.4947224999999999,22944401.252634563,43129.089974293056,1,the secret to good sex: it's all about communication. I encourage my patients and my own family to t...
wild,0.475,0.04,0.522925,1370531.1550860151,10518.63072100314,3b,the secret to good computer performance — it comes down to how you organize your stuff and how you p...
wild,0.475,0.045,0.5213012499999999,4765043942.615648,621378.3703703706,4,the secret to good computer performance — it comes down to how you organize your stuff and how you p...
wild,0.475,0.05,0.5213012499999999,4430669359.698112,599186.2857142857,4,the secret to good computer performance — it comes down to how you organize your stuff and how you p...
wild,0.475,0.055,0.5212825000000001,321136510.6565645,161319.3846153847,4,the secret to good computer performance — it comes down to how you organize your stuff and how you p...
wild,0.475,0.06,0.5230875,2305763.025555844,12300.011730205268,3b,the secret to good computer performance — it comes down to how you organize your data and memory. Co...
wild,0.475,0.065,0.5230875,2456281.1968830144,12604.970698722764,4,the secret to good computer performance — it comes down to how you organize your data and memory. Co...
wild,0.475,0.07,0.5230875,2633101.5549446465,12787.51219512196,4,the secret to good computer performance — it comes down to how you organize your data and memory. Co...
wild,0.475,0.075,0.5230875,2924477.036535032,13005.593798449616,4,the secret to good computer performance — it comes down to how you organize your data and memory. Co...
wild,0.475,0.08,0.5216862499999999,3340706.762004024,13127.712050078251,4,the secret to good computer performance — it comes down to how you organize your data and memory. Co...
wild,0.475,0.085,0.5216862499999999,4004880.5520952,13273.113924050644,4,the secret to good computer performance — it comes down to how you organize your data and memory. Co...
wild,0.475,0.09,0.52056875,412629.8653600321,5789.239475500342,3b,"the secret to good computer performance — memory management. When memory is managed correctly, your ..."
wild,0.475,0.095,0.51608625,336.7093581131345,110.70270270270268,3b,"the secret to good computer performance — memory management. When memory is managed correctly, your ..."
wild,0.475,0.1,0.51608625,340.9396909787846,110.70270270270268,3b,"the secret to good computer performance — memory management. When memory is managed correctly, your ..."
wild,0.48,0.01,0.50386,1151192.9110900497,9653.173762945908,2,"the secret to good sex  the secret to good sex A few months ago, a reporter from the  Philadelphia  ..."
wild,0.48,0.015,0.5022375,15864.33353959947,881.1563025210088,2,"the secret to good sex  the secret to good sex A few months ago, a reporter from the  Philadelphia  ..."
wild,0.48,0.02,0.49510875,22833098.859199703,43018.50256410257,1,the secret to good sex: it's all about communication. I encourage my patients and my own family to t...
wild,0.48,0.025,0.49510875,23308908.489889026,43464.29015544042,1,the secret to good sex: it's all about communication. I encourage my patients and my own family to t...
wild,0.48,0.03,0.5161149999999999,16883689415.878485,1118481.066666667,4,the secret to good computer performance — you need to keep all the parts in good working order. Comp...
wild,0.48,0.035,0.52176125,1573239.9882235257,11275.010752688167,3b,the secret to good computer performance — it comes down to how you organize your stuff and how you p...
wild,0.48,0.04,0.5213012499999999,5138696849.115633,645277.5384615388,4,the secret to good computer performance — it comes down to how you organize your stuff and how you p...
wild,0.48,0.045,0.5213012499999999,4430688142.72471,599186.2857142857,4,the secret to good computer performance — it comes down to how you organize your stuff and how you p...
wild,0.48,0.05,0.522075,4137188488.011748,578524.6896551723,4,the secret to good computer performance — it comes down to how you organize your stuff and how you p...
wild,0.48,0.055,0.5230875,2296061.3620718545,12300.011730205268,4,the secret to good computer performance — it comes down to how you organize your data and memory. Co...
wild,0.48,0.06,0.5230875,2440429.674382894,12604.970698722764,4,the secret to good computer performance — it comes down to how you organize your data and memory. Co...
wild,0.48,0.065,0.5230875,2630561.7471048287,12856.104214559386,4,the secret to good computer performance — it comes down to how you organize your data and memory. Co...
wild,0.48,0.07,0.52286125,2941553.105648578,13066.36760124611,4,the secret to good computer performance — it comes down to how you organize your data and memory. Co...
wild,0.48,0.075,0.52096875,3386961.342544381,13137.992169146428,3b,the secret to good computer performance — it comes down to how you organize your data and memory. Co...
wild,0.48,0.08,0.51608625,329.42058969448533,108.86378737541528,3b,"the secret to good computer performance — memory management. When memory is managed correctly, your ..."
wild,0.48,0.085,0.51608625,337.610769212556,110.60928270042196,3b,"the secret to good computer performance — memory management. When memory is managed correctly, your ..."
wild,0.48,0.09,0.51608625,344.81225353048046,110.79628064243444,3b,"the secret to good computer performance — memory management. When memory is managed correctly, your ..."
wild,0.48,0.095,0.51608625,347.3135888690862,110.9839119390347,3b,"the secret to good computer performance — memory management. When memory is managed correctly, your ..."
wild,0.48,0.1,0.51608625,355.29199692226285,111.17217981340124,3b,"the secret to good computer performance — memory management. When memory is managed correctly, your ..."
wild,0.485,0.01,0.50242125,14843118.752338693,30727.50183150181,2,"the secret to good sex  the secret to good sex A few months ago, a reporter from the  Philadelphia  ..."
wild,0.485,0.015,0.4932662499999999,3021750202.6058598,493447.5294117644,1,the secret to good sex: it's all about communication. I encourage my patients and my own children to...
wild,0.485,0.02,0.5227175000000001,883879.6947920058,8355.18725099602,4,the secret to good computer performance — you need to keep all the parts in good working order. Comp...
wild,0.485,0.025,0.51834625,15573565970.239325,1118481.066666667,4,the secret to good computer performance — you need to keep all the parts in good working order. Comp...
wild,0.485,0.03,0.5161149999999999,11958395713.584965,932067.5555555552,4,the secret to good computer performance — you need to keep all the parts in good working order. Comp...
wild,0.485,0.035,0.5213012499999999,5558084118.950592,671088.64,4,the secret to good computer performance — it comes down to how you organize your stuff and how you p...
wild,0.485,0.04,0.5213012499999999,4765023434.841338,621378.3703703706,4,the secret to good computer performance — it comes down to how you organize your stuff and how you p...
wild,0.485,0.045,0.5213012499999999,4130292958.990768,578524.6896551723,4,the secret to good computer performance — it comes down to how you organize your stuff and how you p...
wild,0.485,0.05,0.5230875,2308782.367329158,12336.188235294114,4,the secret to good computer performance — it comes down to how you organize your data and memory. Co...
wild,0.485,0.055,0.5230875,2433992.895805453,12642.96608892238,4,the secret to good computer performance — it comes down to how you organize your data and memory. Co...
wild,0.485,0.06,0.5230875,2621062.6809370765,12885.726574500764,4,the secret to good computer performance — it comes down to how you organize your data and memory. Co...
wild,0.485,0.065,0.52096875,2931957.7399498126,13086.751950077996,3b,the secret to good computer performance — it comes down to how you organize your data and memory. Co...
wild,0.485,0.07,0.52094125,3435797.298406078,13273.113924050644,4,the secret to good computer performance — it comes down to how you organize your data and memory. Co...
wild,0.485,0.075,0.51608625,340.9117429351048,110.70270270270268,3b,"the secret to good computer performance — memory management. When memory is managed correctly, your ..."
wild,0.485,0.08,0.51608625,347.4950429527626,110.9839119390347,3b,"the secret to good computer performance — memory management. When memory is managed correctly, your ..."
wild,0.485,0.085,0.51608625,352.44489790552615,111.07796610169493,3b,"the secret to good computer performance — memory management. When memory is managed correctly, your ..."
wild,0.485,0.09,0.51608625,358.92863892260044,111.36108751062022,3b,"the secret to good computer performance — memory management. When memory is managed correctly, your ..."
wild,0.485,0.095,0.51608625,364.27760016910696,111.5506382978723,3b,"the secret to good computer performance — memory management. When memory is managed correctly, your ..."
wild,0.485,0.1,0.51608625,374.5885125399429,111.83617747440272,3b,"the secret to good computer performance — memory management. When memory is managed correctly, your ..."
wild,0.49,0.01,0.49548875,23719581.03171933,43464.29015544042,1,the secret to good sex: it's all about communication. I encourage my patients and my own family to t...
wild,0.49,0.015,0.5152699999999999,1563810.8996975166,9759.869691681208,3b,the secret to good computer performance: It comes down to how you organize your stuff and how you pr...
wild,0.49,0.02,0.51834625,17857274565.5719,1198372.5714285716,4,the secret to good computer performance — you need to keep all the parts in good working order. Comp...
wild,0.49,0.025,0.5161149999999999,11909318840.672514,932067.5555555552,4,the secret to good computer performance — you need to keep all the parts in good working order. Comp...
wild,0.49,0.03,0.5190149999999999,10987.641248825308,923.8555066079292,3b,the secret to good computer performance — it comes down to how you organize your stuff and how you p...
wild,0.49,0.035,0.5213012499999999,5138678022.937287,645277.5384615388,4,the secret to good computer performance — it comes down to how you organize your stuff and how you p...
wild,0.49,0.04,0.5213012499999999,4430624585.903683,599186.2857142857,4,the secret to good computer performance — it comes down to how you organize your stuff and how you p...
wild,0.49,0.045,0.5230875,2306096.015326856,12327.124173401904,4,the secret to good computer performance — it comes down to how you organize your data and memory. Co...
wild,0.49,0.05,0.5230875,2437553.681728932,12662.049811320749,4,the secret to good computer performance — it comes down to how you organize your data and memory. Co...
wild,0.49,0.055,0.5230875,2631849.4973480743,12915.485758275589,4,the secret to good computer performance — it comes down to how you organize your data and memory. Co...
wild,0.49,0.06,0.52094125,2935532.7679626485,13127.712050078251,4,the secret to good computer performance — it comes down to how you organize your data and memory. Co...
wild,0.49,0.065,0.51608625,345.6439427666781,110.79628064243444,3b,"the secret to good computer performance — memory management. When memory is managed correctly, your ..."
wild,0.49,0.07,0.51608625,351.8297613024371,111.07796610169493,3b,"the secret to good computer performance — memory management. When memory is managed correctly, your ..."
wild,0.49,0.075,0.51608625,356.93483854893526,111.26655348047537,3b,"the secret to good computer performance — memory management. When memory is managed correctly, your ..."
wild,0.49,0.08,0.51608625,365.7322196091913,111.5506382978723,3b,"the secret to good computer performance — memory management. When memory is managed correctly, your ..."
wild,0.49,0.085,0.51608625,372.95563857456153,111.83617747440272,3b,"the secret to good computer performance — memory management. When memory is managed correctly, your ..."
wild,0.49,0.09,0.51608625,383.8321881200278,113.09059534081102,3b,"the secret to good computer performance — memory management. When memory is managed correctly, your ..."
wild,0.49,0.095,0.51608625,391.1868826422774,113.09059534081102,3b,"the secret to good computer performance — memory management. When memory is managed correctly, your ..."
wild,0.49,0.1,0.51608625,400.5026501021232,113.38408304498272,3b,"the secret to good computer performance — memory management. When memory is managed correctly, your ..."
wild,0.495,0.01,0.5152699999999999,1745791.023248243,9759.869691681208,3b,the secret to good computer performance: It comes down to how you organize your stuff and how you pr...
wild,0.495,0.015,0.5227175000000001,884731.0799530983,8363.517447657028,4,the secret to good computer performance — you need to keep all the parts in good working order. Comp...
wild,0.495,0.02,0.52091375,9621216393.568155,883011.368421053,4,the secret to good computer performance — you need to keep all the parts in good working order. Comp...
wild,0.495,0.025,0.5190149999999999,10519.536033644368,901.6130696474634,3b,the secret to good computer performance — it comes down to how you organize your stuff and how you p...
wild,0.495,0.03,0.5213012499999999,5558060831.799841,671088.64,4,the secret to good computer performance — it comes down to how you organize your stuff and how you p...
wild,0.495,0.035,0.5213012499999999,4764947565.643881,621378.3703703706,4,the secret to good computer performance — it comes down to how you organize your stuff and how you p...
wild,0.495,0.04,0.5230875,2303560.751210102,12336.188235294114,4,the secret to good computer performance — it comes down to how you organize your data and memory. Co...
wild,0.495,0.045,0.5230875,2456157.466416401,12768.048706240485,4,the secret to good computer performance — it comes down to how you organize your data and memory. Co...
wild,0.495,0.05,0.5230875,2650833.672471325,13056.199221789882,4,the secret to good computer performance — it comes down to how you organize your data and memory. Co...
wild,0.495,0.055,0.5223125,5152737.601088876,13573.799352750815,3b,the secret to good computer performance — it comes down to how you organize your data and memory. Co...
wild,0.495,0.06,0.51608625,358.609642998242,111.26655348047537,3b,"the secret to good computer performance — memory management. When memory is managed correctly, your ..."
wild,0.495,0.065,0.51608625,367.7279683635964,111.5506382978723,3b,"the secret to good computer performance — memory management. When memory is managed correctly, your ..."
wild,0.495,0.07,0.51608625,378.0291552148675,112.99310344827582,3b,"the secret to good computer performance — memory management. When memory is managed correctly, your ..."
wild,0.495,0.075,0.51608625,384.9871774184088,113.1882556131261,3b,"the secret to good computer performance — memory management. When memory is managed correctly, your ..."
wild,0.495,0.08,0.51608625,391.0683397005437,113.1882556131261,3b,"the secret to good computer performance — memory management. When memory is managed correctly, your ..."
wild,0.495,0.085,0.51608625,397.23736053595576,113.48225108225108,3b,"the secret to good computer performance — memory management. When memory is managed correctly, your ..."
wild,0.495,0.09,0.51608625,405.9932187351872,113.58058925476608,3b,"the secret to good computer performance — memory management. When memory is managed correctly, your ..."
wild,0.495,0.095,0.5208925000000001,3863.5618184436944,415.7716098334656,3b,"the secret to good computer performance — memory management. When memory is managed correctly, your ..."
wild,0.495,0.1,0.5208925000000001,3979.840208066829,411.8523173605658,3b,"the secret to good computer performance — memory management. When memory is managed correctly, your ..."
wild,0.5,0.01,0.5227175000000001,886490.2984133065,8367.688778054855,4,the secret to good computer performance — you need to keep all the parts in good working order. Comp...
wild,0.5,0.015,0.52091375,8683001792.03721,838860.7999999992,4,the secret to good computer performance — you need to keep all the parts in good working order. Comp...
wild,0.5,0.02,0.5162312499999999,6493915129.640764,671088.64,4,the secret to good computer performance — you need to keep all the parts in good working order. Comp...
wild,0.5,0.025,0.52258375,327451.63051544747,5065.584541062799,3b,the secret to good computer performance — it comes down to how you organize your stuff and how you p...
wild,0.5,0.03,0.5229362500000001,2300693.4776520533,12043.945441493184,4,the secret to good computer performance — it comes down to how you organize your data and memory. Co...
wild,0.5,0.035,0.5230875,2311048.2724471325,12336.188235294114,4,the secret to good computer performance — it comes down to how you organize your data and memory. Co...
wild,0.5,0.04,0.5243387500000001,2447414.444681513,12777.77303884234,4,the secret to good computer performance — it comes down to how you organize your data and memory. Co...
wild,0.5,0.045,0.5223125,4853956.370930164,13673.362673186628,3b,the secret to good computer performance — it comes down to how you organize your data and memory. Co...
wild,0.5,0.05,0.51608625,369.6542605149474,111.5506382978723,3b,"the secret to good computer performance — memory management. When memory is managed correctly, your ..."
wild,0.5,0.055,0.51608625,381.26776879668034,113.09059534081102,3b,"the secret to good computer performance — memory management. When memory is managed correctly, your ..."
wild,0.5,0.06,0.51608625,387.2642196337206,113.1882556131261,3b,"the secret to good computer performance — memory management. When memory is managed correctly, your ..."
wild,0.5,0.065,0.51608625,394.8983200741874,113.38408304498272,3b,"the secret to good computer performance — memory management. When memory is managed correctly, your ..."
wild,0.5,0.07,0.51608625,405.54075310438986,113.58058925476608,3b,"the secret to good computer performance — memory management. When memory is managed correctly, your ..."
wild,0.5,0.075,0.5197050000000001,1526.027282581859,283.85923118570656,3b,"the secret to good computer performance — memory management. When memory is managed correctly, your ..."
wild,0.5,0.08,0.5197050000000001,1596.8498763420484,291.7573734001112,3b,"the secret to good computer performance — memory management. When memory is managed correctly, your ..."
wild,0.5,0.085,0.52004625,1659.7929181713905,296.54298642533934,2,"the secret to good computer performance — memory management. When memory is managed correctly, your ..."
wild,0.5,0.09,0.5208925000000001,3902.882816648102,411.8523173605658,3b,"the secret to good computer performance — memory management. When memory is managed correctly, your ..."
wild,0.5,0.095,0.5208925000000001,4055.512049067423,411.206274509804,3b,"the secret to good computer performance — memory management. When memory is managed correctly, your ..."
wild,0.5,0.1,0.5208925000000001,4308.282536515309,410.88401253918494,3b,"the secret to good computer performance — memory management. When memory is managed correctly, your ..."
wild,0.505,0.01,0.50353,11959.59214731478,836.1850079744813,2,"the secret to good sex  the secret to good sex A few months ago, a reporter from the  Philadelphia  ..."
wild,0.505,0.015,0.5209383561643834,13155752116.276283,986895.0588235288,4,the secret to good computer performance — you need to keep all the parts in good working order. Comp...
wild,0.505,0.02,0.5130312499999999,903602448.2557412,270600.25806451595,3b,the secret to good computer performance — it comes down to how you organize your stuff and how fast ...
wild,0.505,0.025,0.5229362500000001,2338310.7364766216,12035.305595408896,4,the secret to good computer performance — it comes down to how you organize your data and memory. Co...
wild,0.505,0.03,0.52615625,2349295.2499094284,12345.265636497432,4,the secret to good computer performance — it comes down to how you organize your data and memory. Co...
wild,0.505,0.035,0.52472375,2478893.6654236964,12875.83729854183,4,the secret to good computer performance — it comes down to how you organize your data and memory. Co...
wild,0.505,0.04,0.523815,2685952.5207857136,13262.621343873509,4,the secret to good computer performance — it comes down to how you organize your data and memory. Co...
wild,0.505,0.045,0.51608625,397.4157757340329,113.38408304498272,3b,"the secret to good computer performance — memory management. When memory is managed correctly, your ..."
wild,0.505,0.05,0.51608625,405.7345624188491,113.6790980052038,3b,"the secret to good computer performance — memory management. When memory is managed correctly, your ..."
wild,0.505,0.055,0.51608625,412.10287661386593,113.97565217391308,3b,"the secret to good computer performance — memory management. When memory is managed correctly, your ..."
wild,0.505,0.06,0.5197050000000001,1442.8063798273274,272.92451847995824,3b,"the secret to good computer performance — memory management. When memory is managed correctly, your ..."
wild,0.505,0.065,0.5197050000000001,1499.312546266423,280.66809421841555,3b,"the secret to good computer performance — memory management. When memory is managed correctly, your ..."
wild,0.505,0.07,0.52004625,1569.8810228035377,289.3421633554085,2,"the secret to good computer performance — memory management. When memory is managed correctly, your ..."
wild,0.505,0.075,0.52004625,1626.9210923146468,295.20720720720715,2,"the secret to good computer performance — memory management. When memory is managed correctly, your ..."
wild,0.505,0.08,0.52004625,1723.2301525537682,304.4645760743322,2,"the secret to good computer performance — memory management. When memory is managed correctly, your ..."
wild,0.505,0.085,0.5208925000000001,3970.914430971048,410.88401253918494,3b,"the secret to good computer performance — memory management. When memory is managed correctly, your ..."
wild,0.505,0.09,0.5208925000000001,4138.522467668823,409.920250195465,3b,"the secret to good computer performance — memory management. When memory is managed correctly, your ..."
wild,0.505,0.095,0.5208925000000001,4439.068660396133,409.920250195465,3b,"the secret to good computer performance — memory management. When memory is managed correctly, your ..."
wild,0.505,0.1,0.5208575,3212.0018108058403,339.1254851228979,3b,"the secret to good computer performance — memory management. When memory is managed correctly, your ..."
wild,0.51,0.01,0.5002774999999999,71729.03963684753,1814.1453287197228,1,"the secret to good sex  the secret to good sex A few months ago, I wrote an article for the Huffingt..."
wild,0.51,0.015,0.5002774999999999,72350.16570705522,1814.1453287197228,1,"the secret to good sex  the secret to good sex A few months ago, I wrote an article for the Huffingt..."
wild,0.51,0.02,0.5002774999999999,74909.22947645452,1814.1453287197228,1,"the secret to good sex  the secret to good sex A few months ago, I wrote an article for the Huffingt..."
wild,0.51,0.025,0.52615625,2391014.538761229,12372.57817109145,4,the secret to good computer performance — it comes down to how you organize your data and memory. Co...
wild,0.51,0.03,0.5241475,586989669.9474597,217885.9220779221,4,the secret to good computer performance — it comes down to how you organize your data and memory. Co...
wild,0.51,0.035,0.52275875,1388.9030886672704,264.3913262733233,3b,"the secret to good computer performance — memory management. When memory is managed correctly, your ..."
wild,0.51,0.04,0.52275875,1388.182944762097,263.85908404630084,3b,"the secret to good computer performance — memory management. When memory is managed correctly, your ..."
wild,0.51,0.045,0.52275875,1398.9441821196056,264.79191919191913,2,"the secret to good computer performance — memory management. When memory is managed correctly, your ..."
wild,0.51,0.05,0.5192589041095892,6135.311670050526,600.2152261018892,3b,"the secret to good computer performance — memory management. When memory is managed correctly, your ..."
wild,0.51,0.055,0.52004625,1482.9209280845632,277.25436277102057,2,"the secret to good computer performance — memory management. When memory is managed correctly, your ..."
wild,0.51,0.06,0.52004625,1556.2123865423548,286.33970507919173,2,"the secret to good computer performance — memory management. When memory is managed correctly, your ..."
wild,0.51,0.065,0.52004625,1625.9873801165631,294.3784390791691,2,"the secret to good computer performance — memory management. When memory is managed correctly, your ..."
wild,0.51,0.07,0.52004625,1707.8531751485236,304.4645760743322,2,"the secret to good computer performance — memory management. When memory is managed correctly, your ..."
wild,0.51,0.075,0.52004625,1817.854066567235,315.4560770156439,2,"the secret to good computer performance — memory management. When memory is managed correctly, your ..."
wild,0.51,0.08,0.5208925000000001,4061.2280352609487,409.6,3b,"the secret to good computer performance — memory management. When memory is managed correctly, your ..."
wild,0.51,0.085,0.5208925000000001,4215.545852266054,406.4248062015503,3b,"the secret to good computer performance — memory management. When memory is managed correctly, your ..."
wild,0.51,0.09,0.5208575,2813.837486436704,339.5647668393781,3b,"the secret to good computer performance — memory management. When memory is managed correctly, your ..."
wild,0.51,0.095,0.5208575,3450.6214930536835,348.132802124834,3b,"the secret to good computer performance — memory management. When memory is managed correctly, your ..."
wild,0.51,0.1,0.5208575,4663.973694361157,440.20822837951306,3b,"the secret to good computer performance — memory management. When memory is managed correctly, your ..."
wild,0.515,0.01,0.5002774999999999,71604.01063335969,1814.1453287197228,1,"the secret to good sex  the secret to good sex A few months ago, I wrote an article for the Huffingt..."
wild,0.515,0.015,0.5002774999999999,71660.92801347164,1814.1453287197228,1,"the secret to good sex  the secret to good sex A few months ago, I wrote an article for the Huffingt..."
wild,0.515,0.02,0.4968525,10485640.54515987,28532.680272108857,1,the secret to good sex: It's all about finding the right mix of experiences and activities to make y...
wild,0.515,0.025,0.49606875,155312.63205702443,3086.316409124357,1,the secret to good sex: It's all about communication. You may be noticing your relationship with you...
wild,0.515,0.03,0.49732125,151675.44664879268,3006.6695340501774,1,the secret to good sex: It's all about communication. You may be noticing your relationship with you...
wild,0.515,0.035,0.52275875,1409.159211824795,264.6582534073699,2,"the secret to good computer performance — memory management. When memory is managed correctly, your ..."
wild,0.515,0.04,0.5192589041095892,3865.673715592198,434.0132450331124,3b,"the secret to good computer performance — memory management. When memory is managed correctly, your ..."
wild,0.515,0.045,0.5192589041095892,5419.768055948354,551.8821052631578,3b,"the secret to good computer performance — memory management. When memory is managed correctly, your ..."
wild,0.515,0.05,0.52004625,1529.3726777807524,282.94009713977334,2,"the secret to good computer performance — memory management. When memory is managed correctly, your ..."
wild,0.515,0.055,0.52004625,1601.338036619349,292.4082543223647,2,"the secret to good computer performance — memory management. When memory is managed correctly, your ..."
wild,0.515,0.06,0.52004625,1692.5844261982536,303.93507246376817,2,"the secret to good computer performance — memory management. When memory is managed correctly, your ..."
wild,0.515,0.065,0.52004625,1798.9141996374035,316.5990338164251,2,"the secret to good computer performance — memory management. When memory is managed correctly, your ..."
wild,0.515,0.07,0.52004625,1918.547924094816,328.29555416405753,2,"the secret to good computer performance — memory management. When memory is managed correctly, your ..."
wild,0.515,0.075,0.5208925000000001,4132.608774051217,405.7956656346748,3b,"the secret to good computer performance — memory management. When memory is managed correctly, your ..."
wild,0.515,0.08,0.5208925000000001,4318.130468066532,405.4818252126837,3b,"the secret to good computer performance — memory management. When memory is managed correctly, your ..."
wild,0.515,0.085,0.5208575,3039.147759294881,354.24864864864867,3b,"the secret to good computer performance — memory management. When memory is managed correctly, your ..."
wild,0.515,0.09,0.5208575,3808.252776977608,363.5839112343965,3b,"the secret to good computer performance — memory management. When memory is managed correctly, your ..."
wild,0.515,0.095,0.5208575,5344.396438185631,488.16387337057705,3b,"the secret to good computer performance — memory management. When memory is managed correctly, your ..."
wild,0.515,0.1,0.5208575,7878.994710646795,664.0759974667512,3b,"the secret to good computer performance — memory management. When memory is managed correctly, your ..."
wild,0.52,0.01,0.5002774999999999,71522.82180333603,1814.1453287197228,1,"the secret to good sex  the secret to good sex A few months ago, I wrote an article for the Huffingt..."
wild,0.52,0.015,0.5002774999999999,71576.65963789851,1814.1453287197228,1,"the secret to good sex  the secret to good sex A few months ago, I wrote an article for the Huffingt..."
wild,0.52,0.02,0.5002774999999999,71617.07782637834,1814.1453287197228,1,"the secret to good sex  the secret to good sex A few months ago, I wrote an article for the Huffingt..."
wild,0.52,0.025,0.4968525,10533599.71218964,28532.680272108857,1,the secret to good sex: It's all about finding the right mix of experiences and activities to make y...
wild,0.52,0.03,0.494045,125679.67106886316,3086.316409124357,1,the secret to good sex: It's all about communication. You may be noticing your relationship with you...
wild,0.52,0.035,0.494045,119559.64111240776,3010.986360373296,1,the secret to good sex: It's all about communication. You may be noticing your relationship with you...
wild,0.52,0.04,0.5145250000000001,1280.0331847606008,241.38489871086557,3b,"the secret to good computer performance — memory management. When memory is managed correctly, your ..."
wild,0.52,0.045,0.5243425,2964.531522056294,395.0926902788245,2,"the secret to good computer performance — memory management. When memory is managed correctly, your ..."
wild,0.52,0.05,0.52004625,1670.4084425368503,303.93507246376817,2,"the secret to good computer performance — memory management. When memory is managed correctly, your ..."
wild,0.52,0.055,0.52004625,1782.4919579899547,318.3290831815421,2,"the secret to good computer performance — memory management. When memory is managed correctly, your ..."
wild,0.52,0.06,0.52004625,1911.7578197454368,332.2484157160964,2,"the secret to good computer performance — memory management. When memory is managed correctly, your ..."
wild,0.52,0.065,0.52004625,2008.4454464073965,341.1112556929081,2,"the secret to good computer performance — memory management. When memory is managed correctly, your ..."
wild,0.52,0.07,0.5208925000000001,4243.289608958256,405.4818252126837,3b,"the secret to good computer performance — memory management. When memory is managed correctly, your ..."
wild,0.52,0.075,0.5208925000000001,4487.425174596616,405.4818252126837,3b,"the secret to good computer performance — memory management. When memory is managed correctly, your ..."
wild,0.52,0.08,0.5208575,3286.125351522332,372.099361249113,3b,"the secret to good computer performance — memory management. When memory is managed correctly, your ..."
wild,0.52,0.085,0.5208575,4305.970314486881,382.13411078717206,3b,"the secret to good computer performance — memory management. When memory is managed correctly, your ..."
wild,0.52,0.09,0.5208575,6086.631714219962,534.1701477330614,3b,"the secret to good computer performance — memory management. When memory is managed correctly, your ..."
wild,0.52,0.095,0.5208575,9570.3396340546,752.2065997130557,3b,"the secret to good computer performance — memory management. When memory is managed correctly, your ..."
wild,0.52,0.1,0.5208575,15918.261048030594,1040.253968253968,3b,"the secret to good computer performance — memory management. When memory is managed correctly, your ..."
wild,0.525,0.01,0.5002774999999999,71516.4432627091,1814.1453287197228,1,"the secret to good sex  the secret to good sex A few months ago, I wrote an article for the Huffingt..."
wild,0.525,0.015,0.5002774999999999,71514.55299551084,1814.1453287197228,1,"the secret to good sex  the secret to good sex A few months ago, I wrote an article for the Huffingt..."
wild,0.525,0.02,0.5002774999999999,71559.76698210176,1814.1453287197228,1,"the secret to good sex  the secret to good sex A few months ago, I wrote an article for the Huffingt..."
wild,0.525,0.025,0.5002774999999999,71594.82261734697,1814.1453287197228,1,"the secret to good sex  the secret to good sex A few months ago, I wrote an article for the Huffingt..."
wild,0.525,0.03,0.5002774999999999,72349.38243416301,1814.1453287197228,1,"the secret to good sex  the secret to good sex A few months ago, I wrote an article for the Huffingt..."
wild,0.525,0.035,0.5002774999999999,74103.8552536475,1814.1453287197228,1,"the secret to good sex  the secret to good sex A few months ago, I wrote an article for the Huffingt..."
wild,0.525,0.04,0.494045,119878.24182439972,3015.315600287563,1,the secret to good sex: It's all about communication. You may be noticing your relationship with you...
wild,0.525,0.045,0.4954924999999999,110103.44127162732,2991.657631954351,1,the secret to good sex: It's all about communication. You may be noticing your relationship with you...
wild,0.525,0.05,0.51751375,1532.76330467461,249.8989513822688,3b,"the secret to good computer performance — memory management. When memory is managed correctly, your ..."
wild,0.525,0.055,0.5145250000000001,1257.65007228568,241.83025830258316,3b,"the secret to good computer performance — memory management. When memory is managed correctly, your ..."
wild,0.525,0.06,0.5243425,10186.069346048149,868.745650372825,2,"the secret to good computer performance — memory management. When memory is managed correctly, your ..."
wild,0.525,0.065,0.5208925000000001,4418.856720711009,405.16846986089655,3b,"the secret to good computer performance — memory management. When memory is managed correctly, your ..."
wild,0.525,0.07,0.5208925000000001,4676.308405870264,404.8555984555985,3b,"the secret to good computer performance — memory management. When memory is managed correctly, your ..."
wild,0.525,0.075,0.5208575,3602.59960473512,395.3906485671191,3b,"the secret to good computer performance — memory management. When memory is managed correctly, your ..."
wild,0.525,0.08,0.5208575,4814.130937972541,413.4763406940063,3b,"the secret to good computer performance — memory management. When memory is managed correctly, your ..."
wild,0.525,0.085,0.5208575,7222.329516419266,603.3233601841196,3b,"the secret to good computer performance — memory management. When memory is managed correctly, your ..."
wild,0.525,0.09,0.5208575,11948.574972020995,864.4484748557295,3b,"the secret to good computer performance — memory management. When memory is managed correctly, your ..."
wild,0.525,0.095,0.5213812499999999,875309528.6448914,266305.01587301574,2,"the secret to good computer performance — memory management. When memory is managed correctly, your ..."
wild,0.525,0.1,0.5213812499999999,875305740.1935564,266305.01587301574,2,"the secret to good computer performance — memory management. When memory is managed correctly, your ..."
wild,0.53,0.01,0.5002774999999999,71510.86314361519,1814.1453287197228,1,"the secret to good sex  the secret to good sex A few months ago, I wrote an article for the Huffingt..."
wild,0.53,0.015,0.5002774999999999,71508.9078929593,1814.1453287197228,1,"the secret to good sex  the secret to good sex A few months ago, I wrote an article for the Huffingt..."
wild,0.53,0.02,0.5002774999999999,71513.81661158081,1814.1453287197228,1,"the secret to good sex  the secret to good sex A few months ago, I wrote an article for the Huffingt..."
wild,0.53,0.025,0.5002774999999999,71549.83994016063,1814.1453287197228,1,"the secret to good sex  the secret to good sex A few months ago, I wrote an article for the Huffingt..."
wild,0.53,0.03,0.5002774999999999,71577.53504353532,1814.1453287197228,1,"the secret to good sex  the secret to good sex A few months ago, I wrote an article for the Huffingt..."
wild,0.53,0.035,0.5002774999999999,72438.83056545188,1814.1453287197228,1,"the secret to good sex  the secret to good sex A few months ago, I wrote an article for the Huffingt..."
wild,0.53,0.04,0.5002774999999999,73745.94886482615,1814.1453287197228,1,"the secret to good sex  the secret to good sex A few months ago, I wrote an article for the Huffingt..."
wild,0.53,0.045,0.494045,120698.45209125926,3026.1933621933595,1,the secret to good sex: It's all about communication. You may be noticing your relationship with you...
wild,0.53,0.05,0.4954924999999999,110260.50309793463,2993.793004996433,1,the secret to good sex: It's all about communication. You may be noticing your relationship with you...
wild,0.53,0.055,0.4944174999999999,107413.45439161628,2953.735211267605,1,the secret to good sex: It's all about communication. You may be noticing your relationship with you...
wild,0.53,0.06,0.5153925000000001,64701.42616317598,2222.7366189719137,3a,"the secret to good computer performance — memory management. When memory is managed correctly, your ..."
wild,0.53,0.065,0.5153925000000001,66357.65131849344,2246.547402249599,3a,"the secret to good computer performance — memory management. When memory is managed correctly, your ..."
wild,0.53,0.07,0.5153925000000001,69829.70282336173,2303.297089511257,3a,"the secret to good computer performance — memory management. When memory is managed correctly, your ..."
wild,0.53,0.075,0.5375725,22962.306764274555,1102.024172359432,2,"the secret to good computer performance — memory management. When memory is managed correctly, your ..."
wild,0.53,0.08,0.5208575,8790.032921728722,691.2168754119976,3b,"the secret to good computer performance — memory management. When memory is managed correctly, your ..."
wild,0.53,0.085,0.5208575,15525.717126032145,1011.162970106075,3b,"the secret to good computer performance — memory management. When memory is managed correctly, your ..."
wild,0.53,0.09,0.5213812499999999,822268742.775097,258111.0153846153,2,"the secret to good computer performance — memory management. When memory is managed correctly, your ..."
wild,0.53,0.095,0.549,13571245035.915327,1048576.0,2,the secret to good computer performance — memory management. Memory management is a computer science...
wild,0.53,0.1,0.549,13571242385.685228,1048576.0,2,the secret to good computer performance — memory management. Memory management is a computer science...
wild,0.535,0.01,0.5002774999999999,71512.52219473617,1814.1453287197228,1,"the secret to good sex  the secret to good sex A few months ago, I wrote an article for the Huffingt..."
wild,0.535,0.015,0.5002774999999999,71509.99183373402,1814.1453287197228,1,"the secret to good sex  the secret to good sex A few months ago, I wrote an article for the Huffingt..."
wild,0.535,0.02,0.5002774999999999,71508.63014485096,1814.1453287197228,1,"the secret to good sex  the secret to good sex A few months ago, I wrote an article for the Huffingt..."
wild,0.535,0.025,0.5002774999999999,71518.09499959896,1814.1453287197228,1,"the secret to good sex  the secret to good sex A few months ago, I wrote an article for the Huffingt..."
wild,0.535,0.03,0.5002774999999999,71545.437211494,1814.1453287197228,1,"the secret to good sex  the secret to good sex A few months ago, I wrote an article for the Huffingt..."
wild,0.535,0.035,0.5002774999999999,71662.61898501078,1814.1453287197228,1,"the secret to good sex  the secret to good sex A few months ago, I wrote an article for the Huffingt..."
wild,0.535,0.04,0.5002774999999999,72463.01288554085,1814.1453287197228,1,"the secret to good sex  the secret to good sex A few months ago, I wrote an article for the Huffingt..."
wild,0.535,0.045,0.5002774999999999,73802.34436994701,1814.1453287197228,1,"the secret to good sex  the secret to good sex A few months ago, I wrote an article for the Huffingt..."
wild,0.535,0.05,0.494045,120656.5438306424,3026.1933621933595,1,the secret to good sex: It's all about communication. You may be noticing your relationship with you...
wild,0.535,0.055,0.5006375000000001,146474.94624718535,2417.466282420749,2,"the secret to good sex  the secret to good sex A few months ago, I wrote an article for the Huffingt..."
wild,0.535,0.06,0.4954924999999999,108838.70745495854,2974.6836879432617,1,the secret to good sex: It's all about communication. You may be noticing your relationship with you...
wild,0.535,0.065,0.5366612500000001,19797.874937086526,979.977570093458,2,"the secret to good computer performance — memory management. When memory is managed correctly, your ..."
wild,0.535,0.07,0.5263837499999999,24035.547506218885,1000.5496183206108,4,"the secret to good computer performance — memory management. When memory is managed correctly, your ..."
wild,0.535,0.075,0.5263837499999999,25257.804356510176,1011.162970106075,4,"the secret to good computer performance — memory management. When memory is managed correctly, your ..."
wild,0.535,0.08,0.52916875,21237.00741190877,1022.0038986354776,2,"the secret to good computer performance — memory management. When memory is managed correctly, your ..."
wild,0.535,0.085,0.549,13571277982.537188,1048576.0,2,the secret to good computer performance — memory management. Memory management is a computer science...
wild,0.535,0.09,0.549,13571270018.60444,1048576.0,2,the secret to good computer performance — memory management. Memory management is a computer science...
wild,0.535,0.095,0.549,13571263257.116993,1048576.0,2,the secret to good computer performance — memory management. Memory management is a computer science...
wild,0.535,0.1,0.549,13571258977.358437,1048576.0,2,the secret to good computer performance — memory management. Memory management is a computer science...
wild,0.54,0.01,0.5002774999999999,71518.31310660622,1814.1453287197228,1,"the secret to good sex  the secret to good sex A few months ago, I wrote an article for the Huffingt..."
wild,0.54,0.015,0.5002774999999999,71514.23761463411,1814.1453287197228,1,"the secret to good sex  the secret to good sex A few months ago, I wrote an article for the Huffingt..."
wild,0.54,0.02,0.5002774999999999,71511.79971531949,1814.1453287197228,1,"the secret to good sex  the secret to good sex A few months ago, I wrote an article for the Huffingt..."
wild,0.54,0.025,0.5002774999999999,71509.7651829225,1814.1453287197228,1,"the secret to good sex  the secret to good sex A few months ago, I wrote an article for the Huffingt..."
wild,0.54,0.03,0.5002774999999999,71520.0956269064,1814.1453287197228,1,"the secret to good sex  the secret to good sex A few months ago, I wrote an article for the Huffingt..."
wild,0.54,0.035,0.5002774999999999,71545.81779512743,1814.1453287197228,1,"the secret to good sex  the secret to good sex A few months ago, I wrote an article for the Huffingt..."
wild,0.54,0.04,0.5002774999999999,71753.18790188969,1814.1453287197228,1,"the secret to good sex  the secret to good sex A few months ago, I wrote an article for the Huffingt..."
wild,0.54,0.045,0.5002774999999999,72478.49278664081,1814.1453287197228,1,"the secret to good sex  the secret to good sex A few months ago, I wrote an article for the Huffingt..."
wild,0.54,0.05,0.5002774999999999,73535.3699212737,1812.57735522904,1,"the secret to good sex  the secret to good sex A few months ago, I wrote an article for the Huffingt..."
wild,0.54,0.055,0.494045,120819.24722847968,3028.3783393501803,1,the secret to good sex: It's all about communication. You may be noticing your relationship with you...
wild,0.54,0.06,0.5006375000000001,146109.52332244552,2418.8604382929634,2,"the secret to good sex  the secret to good sex A few months ago, I wrote an article for the Huffingt..."
wild,0.54,0.065,0.4954924999999999,108995.41924813428,2976.794889992901,1,the secret to good sex: It's all about communication. You may be noticing your relationship with you...
wild,0.54,0.07,0.4944174999999999,107569.00369558096,2955.8167723749125,1,the secret to good sex: It's all about communication. You may be noticing your relationship with you...
wild,0.54,0.075,0.523485,54281217793.55888,2097152.0,4,"the secret to good computer performance — memory management. When memory is managed correctly, your ..."
wild,0.54,0.08,0.549,15441199827.755983,1118481.066666667,2,the secret to good computer performance — memory management. Memory management is a computer science...
wild,0.54,0.085,0.549,15441183305.329489,1118481.066666667,2,the secret to good computer performance — memory management. Memory management is a computer science...
wild,0.54,0.09,0.549,15441174202.035343,1118481.066666667,2,the secret to good computer performance — memory management. Memory management is a computer science...
wild,0.54,0.095,0.549,15441166880.580591,1118481.066666667,2,the secret to good computer performance — memory management. Memory management is a computer science...
wild,0.54,0.1,0.549,15441154379.810312,1118481.066666667,2,the secret to good computer performance — memory management. Memory management is a computer science...
wild,0.545,0.01,0.5002774999999999,71523.83625920744,1814.1453287197228,1,"the secret to good sex  the secret to good sex A few months ago, I wrote an article for the Huffingt..."
wild,0.545,0.015,0.5002774999999999,71520.12496005947,1814.1453287197228,1,"the secret to good sex  the secret to good sex A few months ago, I wrote an article for the Huffingt..."
wild,0.545,0.02,0.5002774999999999,71516.13077831529,1814.1453287197228,1,"the secret to good sex  the secret to good sex A few months ago, I wrote an article for the Huffingt..."
wild,0.545,0.025,0.5002774999999999,71513.89632044887,1814.1453287197228,1,"the secret to good sex  the secret to good sex A few months ago, I wrote an article for the Huffingt..."
wild,0.545,0.03,0.5002774999999999,71512.00445080407,1814.1453287197228,1,"the secret to good sex  the secret to good sex A few months ago, I wrote an article for the Huffingt..."
wild,0.545,0.035,0.5002774999999999,71524.34499191672,1814.1453287197228,1,"the secret to good sex  the secret to good sex A few months ago, I wrote an article for the Huffingt..."
wild,0.545,0.04,0.5002774999999999,71543.60207580787,1814.1453287197228,1,"the secret to good sex  the secret to good sex A few months ago, I wrote an article for the Huffingt..."
wild,0.545,0.045,0.5002774999999999,72008.56775776795,1814.1453287197228,1,"the secret to good sex  the secret to good sex A few months ago, I wrote an article for the Huffingt..."
wild,0.545,0.05,0.5002774999999999,72447.83707721237,1814.1453287197228,1,"the secret to good sex  the secret to good sex A few months ago, I wrote an article for the Huffingt..."
wild,0.545,0.055,0.5002774999999999,74103.31037932046,1826.7874564459923,1,"the secret to good sex  the secret to good sex A few months ago, I wrote an article for the Huffingt..."
wild,0.545,0.06,0.494045,120821.27642907118,3028.3783393501803,1,the secret to good sex: It's all about communication. You may be noticing your relationship with you...
wild,0.545,0.065,0.5006375000000001,145822.22679653784,2418.8604382929634,2,"the secret to good sex  the secret to good sex A few months ago, I wrote an article for the Huffingt..."
wild,0.545,0.07,0.4954924999999999,110092.085862319,2991.657631954351,1,the secret to good sex: It's all about communication. You may be noticing your relationship with you...
wild,0.545,0.075,0.4944174999999999,107570.75575041286,2955.8167723749125,1,the secret to good sex: It's all about communication. You may be noticing your relationship with you...
wild,0.545,0.08,0.4944174999999999,107264.84369137768,2951.656579873329,1,the secret to good sex: It's all about communication. You may be noticing your relationship with you...
wild,0.545,0.085,0.549,15441215605.810217,1118481.066666667,2,the secret to good computer performance — memory management. Memory management is a computer science...
wild,0.545,0.09,0.549,15441203431.901789,1118481.066666667,2,the secret to good computer performance — memory management. Memory management is a computer science...
wild,0.545,0.095,0.549,15441194572.67836,1118481.066666667,2,the secret to good computer performance — memory management. Memory management is a computer science...
wild,0.545,0.1,0.549,15441179464.40798,1118481.066666667,2,the secret to good computer performance — memory management. Memory management is a computer science...
wild,0.55,0.01,0.5002774999999999,71525.32285665492,1814.1453287197228,1,"the secret to good sex  the secret to good sex A few months ago, I wrote an article for the Huffingt..."
wild,0.55,0.015,0.5002774999999999,71523.98434043632,1814.1453287197228,1,"the secret to good sex  the secret to good sex A few months ago, I wrote an article for the Huffingt..."
wild,0.55,0.02,0.5002774999999999,71521.09009664996,1814.1453287197228,1,"the secret to good sex  the secret to good sex A few months ago, I wrote an article for the Huffingt..."
wild,0.55,0.025,0.5002774999999999,71517.61158682872,1814.1453287197228,1,"the secret to good sex  the secret to good sex A few months ago, I wrote an article for the Huffingt..."
wild,0.55,0.03,0.5002774999999999,71515.58640088918,1814.1453287197228,1,"the secret to good sex  the secret to good sex A few months ago, I wrote an article for the Huffingt..."
wild,0.55,0.035,0.5002774999999999,71513.63008727135,1814.1453287197228,1,"the secret to good sex  the secret to good sex A few months ago, I wrote an article for the Huffingt..."
wild,0.55,0.04,0.5002774999999999,71527.02431641328,1814.1453287197228,1,"the secret to good sex  the secret to good sex A few months ago, I wrote an article for the Huffingt..."
wild,0.55,0.045,0.5002774999999999,71544.36644277183,1814.1453287197228,1,"the secret to good sex  the secret to good sex A few months ago, I wrote an article for the Huffingt..."
wild,0.55,0.05,0.54454625,154457.395134876,3515.7619446772824,2,the secret to good sex: it’s all about communication. Data scientists prove it. I have something in ...
wild,0.55,0.055,0.5002774999999999,72446.48957836635,1814.1453287197228,1,"the secret to good sex  the secret to good sex A few months ago, I wrote an article for the Huffingt..."
wild,0.55,0.06,0.4948375,10456260.839463484,28976.1934369603,1,the secret to good sex: It's all about finding the right mix of experiences and activities to make y...
wild,0.55,0.065,0.5002774999999999,76454.58498582135,1854.2458001768337,1,"the secret to good sex  the secret to good sex A few months ago, I wrote an article for the Huffingt..."
wild,0.55,0.07,0.4954924999999999,111534.44760668042,3010.986360373296,1,the secret to good sex: It's all about communication. You may be noticing your relationship with you...
wild,0.55,0.075,0.5002725,3564.462857733021,452.75302245250447,2,"the secret to good sex  the secret to good sex A few months ago, I wrote an article for the Huffingt..."
wild,0.55,0.08,0.4944174999999999,108949.08257929757,2974.6836879432617,1,the secret to good sex: It's all about communication. You may be noticing your relationship with you...
wild,0.55,0.085,0.4944174999999999,107570.23457410643,2955.8167723749125,1,the secret to good sex: It's all about communication. You may be noticing your relationship with you...
wild,0.55,0.09,0.549,15441225558.967838,1118481.066666667,2,the secret to good computer performance — memory management. Memory management is a computer science...
wild,0.55,0.095,0.549,15441217654.12356,1118481.066666667,2,the secret to good computer performance — memory management. Memory management is a computer science...
wild,0.55,0.1,0.549,15441206060.837109,1118481.066666667,2,the secret to good computer performance — memory management. Memory management is a computer science...
wild,0.555,0.01,0.5002774999999999,71525.41104830937,1814.1453287197228,1,"the secret to good sex  the secret to good sex A few months ago, I wrote an article for the Huffingt..."
wild,0.555,0.015,0.5002774999999999,71525.223455627,1814.1453287197228,1,"the secret to good sex  the secret to good sex A few months ago, I wrote an article for the Huffingt..."
wild,0.555,0.02,0.5002774999999999,71524.15363939793,1814.1453287197228,1,"the secret to good sex  the secret to good sex A few months ago, I wrote an article for the Huffingt..."
wild,0.555,0.025,0.5002774999999999,71521.71603421243,1814.1453287197228,1,"the secret to good sex  the secret to good sex A few months ago, I wrote an article for the Huffingt..."
wild,0.555,0.03,0.5002774999999999,71518.73566397042,1814.1453287197228,1,"the secret to good sex  the secret to good sex A few months ago, I wrote an article for the Huffingt..."
wild,0.555,0.035,0.5002774999999999,71516.59010365325,1814.1453287197228,1,"the secret to good sex  the secret to good sex A few months ago, I wrote an article for the Huffingt..."
wild,0.555,0.04,0.5002774999999999,71514.80641497756,1814.1453287197228,1,"the secret to good sex  the secret to good sex A few months ago, I wrote an article for the Huffingt..."
wild,0.555,0.045,0.5002774999999999,71528.71425360827,1814.1453287197228,1,"the secret to good sex  the secret to good sex A few months ago, I wrote an article for the Huffingt..."
wild,0.555,0.05,0.5002774999999999,71546.35404405104,1814.1453287197228,1,"the secret to good sex  the secret to good sex A few months ago, I wrote an article for the Huffingt..."
wild,0.555,0.055,0.5002774999999999,72236.5573252278,1814.1453287197228,1,"the secret to good sex  the secret to good sex A few months ago, I wrote an article for the Huffingt..."
wild,0.555,0.06,0.5002774999999999,72442.13477445125,1814.1453287197228,1,"the secret to good sex  the secret to good sex A few months ago, I wrote an article for the Huffingt..."
wild,0.555,0.065,0.5002774999999999,73688.82471779943,1822.02606429192,1,"the secret to good sex  the secret to good sex A few months ago, I wrote an article for the Huffingt..."
wild,0.555,0.07,0.5002774999999999,76423.12818473468,1854.2458001768337,1,"the secret to good sex  the secret to good sex A few months ago, I wrote an article for the Huffingt..."
wild,0.555,0.075,0.4954924999999999,111535.29657144818,3010.986360373296,1,the secret to good sex: It's all about communication. You may be noticing your relationship with you...
wild,0.555,0.08,0.5002725,3557.0917666832647,453.14433880726,2,"the secret to good sex  the secret to good sex A few months ago, I wrote an article for the Huffingt..."
wild,0.555,0.085,0.4954924999999999,108683.10631343092,2972.575478384124,1,the secret to good sex: It's all about communication. You may be noticing your relationship with you...
wild,0.555,0.09,0.4944174999999999,107571.35363710196,2955.8167723749125,1,the secret to good sex: It's all about communication. You may be noticing your relationship with you...
wild,0.555,0.095,0.4946975,121823.95898834144,2949.5808720112527,1,the secret to good sex: It's all about communication. You may be noticing your relationship with you...
wild,0.555,0.1,0.549,15441225943.205006,1118481.066666667,2,the secret to good computer performance — memory management. Memory management is a computer science...
wild,0.56,0.01,0.5002774999999999,71525.41104830937,1814.1453287197228,1,"the secret to good sex  the secret to good sex A few months ago, I wrote an article for the Huffingt..."
wild,0.56,0.015,0.5002774999999999,71525.41104830937,1814.1453287197228,1,"the secret to good sex  the secret to good sex A few months ago, I wrote an article for the Huffingt..."
wild,0.56,0.02,0.5002774999999999,71525.17024051616,1814.1453287197228,1,"the secret to good sex  the secret to good sex A few months ago, I wrote an article for the Huffingt..."
wild,0.56,0.025,0.5002774999999999,71524.11831362755,1814.1453287197228,1,"the secret to good sex  the secret to good sex A few months ago, I wrote an article for the Huffingt..."
wild,0.56,0.03,0.5002774999999999,71521.83041654315,1814.1453287197228,1,"the secret to good sex  the secret to good sex A few months ago, I wrote an article for the Huffingt..."
wild,0.56,0.035,0.5002774999999999,71519.41231282584,1814.1453287197228,1,"the secret to good sex  the secret to good sex A few months ago, I wrote an article for the Huffingt..."
wild,0.56,0.04,0.5002774999999999,71517.18405413812,1814.1453287197228,1,"the secret to good sex  the secret to good sex A few months ago, I wrote an article for the Huffingt..."
wild,0.56,0.045,0.5002774999999999,71517.31612836863,1814.1453287197228,1,"the secret to good sex  the secret to good sex A few months ago, I wrote an article for the Huffingt..."
wild,0.56,0.05,0.5002774999999999,71529.76041564242,1814.1453287197228,1,"the secret to good sex  the secret to good sex A few months ago, I wrote an article for the Huffingt..."
wild,0.56,0.055,0.5002774999999999,71547.13202529502,1814.1453287197228,1,"the secret to good sex  the secret to good sex A few months ago, I wrote an article for the Huffingt..."
wild,0.56,0.06,0.5002774999999999,72309.40809483983,1814.1453287197228,1,"the secret to good sex  the secret to good sex A few months ago, I wrote an article for the Huffingt..."
wild,0.56,0.065,0.5002774999999999,72438.67323287127,1814.1453287197228,1,"the secret to good sex  the secret to good sex A few months ago, I wrote an article for the Huffingt..."
wild,0.56,0.07,0.5002774999999999,73320.01797210335,1812.57735522904,1,"the secret to good sex  the secret to good sex A few months ago, I wrote an article for the Huffingt..."
wild,0.56,0.075,0.5002774999999999,76371.88276634653,1855.886725663716,1,"the secret to good sex  the secret to good sex A few months ago, I wrote an article for the Huffingt..."
wild,0.56,0.08,0.49594,111737.27359425602,3015.315600287563,1,the secret to good sex: It's all about communication. You may be noticing your relationship with you...
wild,0.56,0.085,0.4954924999999999,110886.96821852152,3002.365068002864,1,the secret to good sex: It's all about communication. You may be noticing your relationship with you...
wild,0.56,0.09,0.4954924999999999,110086.10578170164,2991.657631954351,1,the secret to good sex: It's all about communication. You may be noticing your relationship with you...
wild,0.56,0.095,0.4944174999999999,107575.11192691716,2955.8167723749125,1,the secret to good sex: It's all about communication. You may be noticing your relationship with you...
wild,0.56,0.1,0.4944174999999999,107571.1895140787,2955.8167723749125,1,the secret to good sex: It's all about communication. You may be noticing your relationship with you...
wild,0.565,0.01,0.5002774999999999,71525.41104830937,1814.1453287197228,1,"the secret to good sex  the secret to good sex A few months ago, I wrote an article for the Huffingt..."
wild,0.565,0.015,0.5002774999999999,71525.41104830937,1814.1453287197228,1,"the secret to good sex  the secret to good sex A few months ago, I wrote an article for the Huffingt..."
wild,0.565,0.02,0.5002774999999999,71525.41104830937,1814.1453287197228,1,"the secret to good sex  the secret to good sex A few months ago, I wrote an article for the Huffingt..."
wild,0.565,0.025,0.5002774999999999,71525.1285683565,1814.1453287197228,1,"the secret to good sex  the secret to good sex A few months ago, I wrote an article for the Huffingt..."
wild,0.565,0.03,0.5002774999999999,71524.12934862729,1814.1453287197228,1,"the secret to good sex  the secret to good sex A few months ago, I wrote an article for the Huffingt..."
wild,0.565,0.035,0.5002774999999999,71522.05361275791,1814.1453287197228,1,"the secret to good sex  the secret to good sex A few months ago, I wrote an article for the Huffingt..."
wild,0.565,0.04,0.5002774999999999,71520.033388102,1814.1453287197228,1,"the secret to good sex  the secret to good sex A few months ago, I wrote an article for the Huffingt..."
wild,0.565,0.045,0.5002774999999999,71518.21743202588,1814.1453287197228,1,"the secret to good sex  the secret to good sex A few months ago, I wrote an article for the Huffingt..."
wild,0.565,0.05,0.5002774999999999,71518.81337899827,1814.1453287197228,1,"the secret to good sex  the secret to good sex A few months ago, I wrote an article for the Huffingt..."
wild,0.565,0.055,0.5002774999999999,71532.24523488588,1814.1453287197228,1,"the secret to good sex  the secret to good sex A few months ago, I wrote an article for the Huffingt..."
wild,0.565,0.06,0.5002774999999999,71543.39096805059,1814.1453287197228,1,"the secret to good sex  the secret to good sex A few months ago, I wrote an article for the Huffingt..."
wild,0.565,0.065,0.5002774999999999,72329.95804816364,1814.1453287197228,1,"the secret to good sex  the secret to good sex A few months ago, I wrote an article for the Huffingt..."
wild,0.565,0.07,0.5002774999999999,72439.11391991258,1814.1453287197228,1,"the secret to good sex  the secret to good sex A few months ago, I wrote an article for the Huffingt..."
wild,0.565,0.075,0.49295,32880309.467910003,51622.20307692311,1,"the secret to good sex: it's all about communication. You can be the most loving, considerate partne..."
wild,0.565,0.08,0.5002774999999999,76928.51245254902,1869.1194295900184,1,"the secret to good sex  the secret to good sex A few months ago, I wrote an article for the Huffingt..."
wild,0.565,0.085,0.4955637499999999,241062564.87369275,139810.13333333327,1,the secret to good sex: it's all about communication. You may be noticing your relationship with foo...
wild,0.565,0.09,0.49594,111095.93541745652,3006.6695340501774,1,the secret to good sex: It's all about communication. You may be noticing your relationship with you...
wild,0.565,0.095,0.4954924999999999,110087.2152948328,2991.657631954351,1,the secret to good sex: It's all about communication. You may be noticing your relationship with you...
wild,0.565,0.1,0.4944174999999999,108951.54346425513,2974.6836879432617,1,the secret to good sex: It's all about communication. You may be noticing your relationship with you...
wild,0.57,0.01,0.5002774999999999,71525.41104830937,1814.1453287197228,1,"the secret to good sex  the secret to good sex A few months ago, I wrote an article for the Huffingt..."
wild,0.57,0.015,0.5002774999999999,71525.41104830937,1814.1453287197228,1,"the secret to good sex  the secret to good sex A few months ago, I wrote an article for the Huffingt..."
wild,0.57,0.02,0.5002774999999999,71525.41104830937,1814.1453287197228,1,"the secret to good sex  the secret to good sex A few months ago, I wrote an article for the Huffingt..."
wild,0.57,0.025,0.5002774999999999,71525.41104830937,1814.1453287197228,1,"the secret to good sex  the secret to good sex A few months ago, I wrote an article for the Huffingt..."
wild,0.57,0.03,0.5002774999999999,71525.11593911034,1814.1453287197228,1,"the secret to good sex  the secret to good sex A few months ago, I wrote an article for the Huffingt..."
wild,0.57,0.035,0.5002774999999999,71523.97919546987,1814.1453287197228,1,"the secret to good sex  the secret to good sex A few months ago, I wrote an article for the Huffingt..."
wild,0.57,0.04,0.5002774999999999,71522.13229050158,1814.1453287197228,1,"the secret to good sex  the secret to good sex A few months ago, I wrote an article for the Huffingt..."
wild,0.57,0.045,0.5002774999999999,71520.22640198677,1814.1453287197228,1,"the secret to good sex  the secret to good sex A few months ago, I wrote an article for the Huffingt..."
wild,0.57,0.05,0.5002774999999999,71518.60038534677,1814.1453287197228,1,"the secret to good sex  the secret to good sex A few months ago, I wrote an article for the Huffingt..."
wild,0.57,0.055,0.5002774999999999,71522.17981049593,1814.1453287197228,1,"the secret to good sex  the secret to good sex A few months ago, I wrote an article for the Huffingt..."
wild,0.57,0.06,0.5002774999999999,71534.14642327401,1814.1453287197228,1,"the secret to good sex  the secret to good sex A few months ago, I wrote an article for the Huffingt..."
wild,0.57,0.065,0.5002774999999999,71635.30472106156,1814.1453287197228,1,"the secret to good sex  the secret to good sex A few months ago, I wrote an article for the Huffingt..."
wild,0.57,0.07,0.5082375000000001,3237871.443226522,11389.827562797016,4,the secret to good sex: it’s all about communication. Data scientists prove it. I have something in ...
wild,0.57,0.075,0.5002774999999999,72552.75481094918,1814.1453287197228,1,"the secret to good sex  the secret to good sex A few months ago, I wrote an article for the Huffingt..."
wild,0.57,0.08,0.49295,33916063.67071812,52428.80000000003,1,"the secret to good sex: it's all about communication. You can be the most loving, considerate partne..."
wild,0.57,0.085,0.5002774999999999,76582.5502913229,1867.455031166519,1,"the secret to good sex  the secret to good sex A few months ago, I wrote an article for the Huffingt..."
wild,0.57,0.09,0.4955637499999999,245131819.70869344,140985.00840336122,1,the secret to good sex: it's all about communication. You may be noticing your relationship with foo...
wild,0.57,0.095,0.4954924999999999,111527.4142444928,3010.986360373296,1,the secret to good sex: It's all about communication. You may be noticing your relationship with you...
wild,0.57,0.1,0.5002725,3553.1929608767614,455.1111111111113,2,"the secret to good sex  the secret to good sex A few months ago, I wrote an article for the Huffingt..."
wild,0.575,0.01,0.5002774999999999,71525.41104830937,1814.1453287197228,1,"the secret to good sex  the secret to good sex A few months ago, I wrote an article for the Huffingt..."
wild,0.575,0.015,0.5002774999999999,71525.41104830937,1814.1453287197228,1,"the secret to good sex  the secret to good sex A few months ago, I wrote an article for the Huffingt..."
wild,0.575,0.02,0.5002774999999999,71525.41104830937,1814.1453287197228,1,"the secret to good sex  the secret to good sex A few months ago, I wrote an article for the Huffingt..."
wild,0.575,0.025,0.5002774999999999,71525.41104830937,1814.1453287197228,1,"the secret to good sex  the secret to good sex A few months ago, I wrote an article for the Huffingt..."
wild,0.575,0.03,0.5002774999999999,71525.41104830937,1814.1453287197228,1,"the secret to good sex  the secret to good sex A few months ago, I wrote an article for the Huffingt..."
wild,0.575,0.035,0.5002774999999999,71525.1100063891,1814.1453287197228,1,"the secret to good sex  the secret to good sex A few months ago, I wrote an article for the Huffingt..."
wild,0.575,0.04,0.5002774999999999,71523.80782653383,1814.1453287197228,1,"the secret to good sex  the secret to good sex A few months ago, I wrote an article for the Huffingt..."
wild,0.575,0.045,0.5002774999999999,71522.2728315231,1814.1453287197228,1,"the secret to good sex  the secret to good sex A few months ago, I wrote an article for the Huffingt..."
wild,0.575,0.05,0.5002774999999999,71520.53982203784,1814.1453287197228,1,"the secret to good sex  the secret to good sex A few months ago, I wrote an article for the Huffingt..."
wild,0.575,0.055,0.5002774999999999,71518.85766269529,1814.1453287197228,1,"the secret to good sex  the secret to good sex A few months ago, I wrote an article for the Huffingt..."
wild,0.575,0.06,0.5002774999999999,71523.69298752125,1814.1453287197228,1,"the secret to good sex  the secret to good sex A few months ago, I wrote an article for the Huffingt..."
wild,0.575,0.065,0.5002774999999999,71535.05863301767,1814.1453287197228,1,"the secret to good sex  the secret to good sex A few months ago, I wrote an article for the Huffingt..."
wild,0.575,0.07,0.5002774999999999,71681.74393379546,1814.1453287197228,1,"the secret to good sex  the secret to good sex A few months ago, I wrote an article for the Huffingt..."
wild,0.575,0.075,0.5002774999999999,72415.29503854785,1814.1453287197228,1,"the secret to good sex  the secret to good sex A few months ago, I wrote an article for the Huffingt..."
wild,0.575,0.08,0.5002774999999999,72499.9854654645,1812.57735522904,1,"the secret to good sex  the secret to good sex A few months ago, I wrote an article for the Huffingt..."
wild,0.575,0.085,0.5002774999999999,74584.23589070248,1841.2221246707643,1,"the secret to good sex  the secret to good sex A few months ago, I wrote an article for the Huffingt..."
wild,0.575,0.09,0.49295,32281478.960656986,51150.04878048784,1,"the secret to good sex: it's all about communication. You can be the most loving, considerate partne..."
wild,0.575,0.095,0.49295,30946153.89443008,50081.241791044806,1,"the secret to good sex: it's all about communication. You can be the most loving, considerate partne..."
wild,0.575,0.1,0.4955637499999999,225758238.04543608,135300.12903225797,1,the secret to good sex: it's all about communication. You may be noticing your relationship with foo...
wild,0.58,0.01,0.5002774999999999,71525.41104830937,1814.1453287197228,1,"the secret to good sex  the secret to good sex A few months ago, I wrote an article for the Huffingt..."
wild,0.58,0.015,0.5002774999999999,71525.41104830937,1814.1453287197228,1,"the secret to good sex  the secret to good sex A few months ago, I wrote an article for the Huffingt..."
wild,0.58,0.02,0.5002774999999999,71525.41104830937,1814.1453287197228,1,"the secret to good sex  the secret to good sex A few months ago, I wrote an article for the Huffingt..."
wild,0.58,0.025,0.5002774999999999,71525.41104830937,1814.1453287197228,1,"the secret to good sex  the secret to good sex A few months ago, I wrote an article for the Huffingt..."
wild,0.58,0.03,0.5002774999999999,71525.41104830937,1814.1453287197228,1,"the secret to good sex  the secret to good sex A few months ago, I wrote an article for the Huffingt..."
wild,0.58,0.035,0.5002774999999999,71525.41104830937,1814.1453287197228,1,"the secret to good sex  the secret to good sex A few months ago, I wrote an article for the Huffingt..."
wild,0.58,0.04,0.5002774999999999,71524.98195620548,1814.1453287197228,1,"the secret to good sex  the secret to good sex A few months ago, I wrote an article for the Huffingt..."
wild,0.58,0.045,0.5002774999999999,71523.67582816062,1814.1453287197228,1,"the secret to good sex  the secret to good sex A few months ago, I wrote an article for the Huffingt..."
wild,0.58,0.05,0.5002774999999999,71522.44921148541,1814.1453287197228,1,"the secret to good sex  the secret to good sex A few months ago, I wrote an article for the Huffingt..."
wild,0.58,0.055,0.5002774999999999,71520.97032849798,1814.1453287197228,1,"the secret to good sex  the secret to good sex A few months ago, I wrote an article for the Huffingt..."
wild,0.58,0.06,0.5002774999999999,71519.31305181539,1814.1453287197228,1,"the secret to good sex  the secret to good sex A few months ago, I wrote an article for the Huffingt..."
wild,0.58,0.065,0.5002774999999999,71524.34691727371,1814.1453287197228,1,"the secret to good sex  the secret to good sex A few months ago, I wrote an article for the Huffingt..."
wild,0.58,0.07,0.5002774999999999,71535.42440813231,1814.1453287197228,1,"the secret to good sex  the secret to good sex A few months ago, I wrote an article for the Huffingt..."
wild,0.58,0.075,0.5002774999999999,71729.28327807896,1814.1453287197228,1,"the secret to good sex  the secret to good sex A few months ago, I wrote an article for the Huffingt..."
wild,0.58,0.08,0.5002774999999999,72551.95998264538,1814.1453287197228,1,"the secret to good sex  the secret to good sex A few months ago, I wrote an article for the Huffingt..."
wild,0.58,0.085,0.5002774999999999,73159.45438999566,1826.7874564459923,1,"the secret to good sex  the secret to good sex A few months ago, I wrote an article for the Huffingt..."
wild,0.58,0.09,0.49295,35001551.65656872,53261.00317460319,1,"the secret to good sex: it's all about communication. You can be the most loving, considerate partne..."
wild,0.58,0.095,0.5002774999999999,76244.15314490587,1867.455031166519,1,"the secret to good sex  the secret to good sex A few months ago, I wrote an article for the Huffingt..."
wild,0.58,0.1,0.49295,31891212.42043517,50840.04848484847,1,"the secret to good sex: it's all about communication. You can be the most loving, considerate partne..."
wild,0.585,0.01,0.5002774999999999,71525.41104830937,1814.1453287197228,1,"the secret to good sex  the secret to good sex A few months ago, I wrote an article for the Huffingt..."
wild,0.585,0.015,0.5002774999999999,71525.41104830937,1814.1453287197228,1,"the secret to good sex  the secret to good sex A few months ago, I wrote an article for the Huffingt..."
wild,0.585,0.02,0.5002774999999999,71525.41104830937,1814.1453287197228,1,"the secret to good sex  the secret to good sex A few months ago, I wrote an article for the Huffingt..."
wild,0.585,0.025,0.5002774999999999,71525.41104830937,1814.1453287197228,1,"the secret to good sex  the secret to good sex A few months ago, I wrote an article for the Huffingt..."
wild,0.585,0.03,0.5002774999999999,71525.41104830937,1814.1453287197228,1,"the secret to good sex  the secret to good sex A few months ago, I wrote an article for the Huffingt..."
wild,0.585,0.035,0.5002774999999999,71525.41104830937,1814.1453287197228,1,"the secret to good sex  the secret to good sex A few months ago, I wrote an article for the Huffingt..."
wild,0.585,0.04,0.5002774999999999,71525.36924837649,1814.1453287197228,1,"the secret to good sex  the secret to good sex A few months ago, I wrote an article for the Huffingt..."
wild,0.585,0.045,0.5002774999999999,71525.2303691088,1814.1453287197228,1,"the secret to good sex  the secret to good sex A few months ago, I wrote an article for the Huffingt..."
wild,0.585,0.05,0.5002774999999999,71523.52031207122,1814.1453287197228,1,"the secret to good sex  the secret to good sex A few months ago, I wrote an article for the Huffingt..."
wild,0.585,0.055,0.5002774999999999,71522.51181368575,1814.1453287197228,1,"the secret to good sex  the secret to good sex A few months ago, I wrote an article for the Huffingt..."
wild,0.585,0.06,0.5002774999999999,71520.83412884617,1814.1453287197228,1,"the secret to good sex  the secret to good sex A few months ago, I wrote an article for the Huffingt..."
wild,0.585,0.065,0.5002774999999999,71519.52036415233,1814.1453287197228,1,"the secret to good sex  the secret to good sex A few months ago, I wrote an article for the Huffingt..."
wild,0.585,0.07,0.5002774999999999,71524.91154403606,1814.1453287197228,1,"the secret to good sex  the secret to good sex A few months ago, I wrote an article for the Huffingt..."
wild,0.585,0.075,0.5002774999999999,71536.15362171279,1814.1453287197228,1,"the secret to good sex  the secret to good sex A few months ago, I wrote an article for the Huffingt..."
wild,0.585,0.08,0.5002774999999999,71952.94919416921,1814.1453287197228,1,"the secret to good sex  the secret to good sex A few months ago, I wrote an article for the Huffingt..."
wild,0.585,0.085,0.5002774999999999,72549.0949313713,1814.1453287197228,1,"the secret to good sex  the secret to good sex A few months ago, I wrote an article for the Huffingt..."
wild,0.585,0.09,0.5002774999999999,73196.65887545404,1826.7874564459923,1,"the secret to good sex  the secret to good sex A few months ago, I wrote an article for the Huffingt..."
wild,0.585,0.095,0.5002774999999999,74660.63755216732,1842.84007029877,1,"the secret to good sex  the secret to good sex A few months ago, I wrote an article for the Huffingt..."
wild,0.585,0.1,0.5002774999999999,76168.44023747872,1867.455031166519,1,"the secret to good sex  the secret to good sex A few months ago, I wrote an article for the Huffingt..."
wild,0.59,0.01,0.5002774999999999,71525.41104830937,1814.1453287197228,1,"the secret to good sex  the secret to good sex A few months ago, I wrote an article for the Huffingt..."
wild,0.59,0.015,0.5002774999999999,71525.41104830937,1814.1453287197228,1,"the secret to good sex  the secret to good sex A few months ago, I wrote an article for the Huffingt..."
wild,0.59,0.02,0.5002774999999999,71525.41104830937,1814.1453287197228,1,"the secret to good sex  the secret to good sex A few months ago, I wrote an article for the Huffingt..."
wild,0.59,0.025,0.5002774999999999,71525.41104830937,1814.1453287197228,1,"the secret to good sex  the secret to good sex A few months ago, I wrote an article for the Huffingt..."
wild,0.59,0.03,0.5002774999999999,71525.41104830937,1814.1453287197228,1,"the secret to good sex  the secret to good sex A few months ago, I wrote an article for the Huffingt..."
wild,0.59,0.035,0.5002774999999999,71525.41104830937,1814.1453287197228,1,"the secret to good sex  the secret to good sex A few months ago, I wrote an article for the Huffingt..."
wild,0.59,0.04,0.5002774999999999,71525.41104830937,1814.1453287197228,1,"the secret to good sex  the secret to good sex A few months ago, I wrote an article for the Huffingt..."
wild,0.59,0.045,0.5002774999999999,71525.32285665492,1814.1453287197228,1,"the secret to good sex  the secret to good sex A few months ago, I wrote an article for the Huffingt..."
wild,0.59,0.05,0.5002774999999999,71525.09748129915,1814.1453287197228,1,"the secret to good sex  the secret to good sex A few months ago, I wrote an article for the Huffingt..."
wild,0.59,0.055,0.5002774999999999,71523.47619335036,1814.1453287197228,1,"the secret to good sex  the secret to good sex A few months ago, I wrote an article for the Huffingt..."
wild,0.59,0.06,0.5002774999999999,71522.2671930891,1814.1453287197228,1,"the secret to good sex  the secret to good sex A few months ago, I wrote an article for the Huffingt..."
wild,0.59,0.065,0.5002774999999999,71520.93073986853,1814.1453287197228,1,"the secret to good sex  the secret to good sex A few months ago, I wrote an article for the Huffingt..."
wild,0.59,0.07,0.5002774999999999,71519.65748472107,1814.1453287197228,1,"the secret to good sex  the secret to good sex A few months ago, I wrote an article for the Huffingt..."
wild,0.59,0.075,0.5002774999999999,71529.11456087124,1814.1453287197228,1,"the secret to good sex  the secret to good sex A few months ago, I wrote an article for the Huffingt..."
wild,0.59,0.08,0.5002774999999999,71536.11265762246,1814.1453287197228,1,"the secret to good sex  the secret to good sex A few months ago, I wrote an article for the Huffingt..."
wild,0.59,0.085,0.5002774999999999,71954.58204460514,1814.1453287197228,1,"the secret to good sex  the secret to good sex A few months ago, I wrote an article for the Huffingt..."
wild,0.59,0.09,0.5002774999999999,72572.98982122076,1814.1453287197228,1,"the secret to good sex  the secret to good sex A few months ago, I wrote an article for the Huffingt..."
wild,0.59,0.095,0.5002774999999999,73140.86229672775,1825.1975630983463,1,"the secret to good sex  the secret to good sex A few months ago, I wrote an article for the Huffingt..."
wild,0.59,0.1,0.5002774999999999,74751.24745516144,1844.460861917326,1,"the secret to good sex  the secret to good sex A few months ago, I wrote an article for the Huffingt..."
wild,0.595,0.01,0.5002774999999999,71525.41104830937,1814.1453287197228,1,"the secret to good sex  the secret to good sex A few months ago, I wrote an article for the Huffingt..."
wild,0.595,0.015,0.5002774999999999,71525.41104830937,1814.1453287197228,1,"the secret to good sex  the secret to good sex A few months ago, I wrote an article for the Huffingt..."
wild,0.595,0.02,0.5002774999999999,71525.41104830937,1814.1453287197228,1,"the secret to good sex  the secret to good sex A few months ago, I wrote an article for the Huffingt..."
wild,0.595,0.025,0.5002774999999999,71525.41104830937,1814.1453287197228,1,"the secret to good sex  the secret to good sex A few months ago, I wrote an article for the Huffingt..."
wild,0.595,0.03,0.5002774999999999,71525.41104830937,1814.1453287197228,1,"the secret to good sex  the secret to good sex A few months ago, I wrote an article for the Huffingt..."
wild,0.595,0.035,0.5002774999999999,71525.41104830937,1814.1453287197228,1,"the secret to good sex  the secret to good sex A few months ago, I wrote an article for the Huffingt..."
wild,0.595,0.04,0.5002774999999999,71525.41104830937,1814.1453287197228,1,"the secret to good sex  the secret to good sex A few months ago, I wrote an article for the Huffingt..."
wild,0.595,0.045,0.5002774999999999,71525.41104830937,1814.1453287197228,1,"the secret to good sex  the secret to good sex A few months ago, I wrote an article for the Huffingt..."
wild,0.595,0.05,0.5002774999999999,71525.2875074764,1814.1453287197228,1,"the secret to good sex  the secret to good sex A few months ago, I wrote an article for the Huffingt..."
wild,0.595,0.055,0.5002774999999999,71524.8178150157,1814.1453287197228,1,"the secret to good sex  the secret to good sex A few months ago, I wrote an article for the Huffingt..."
wild,0.595,0.06,0.5002774999999999,71523.46170972024,1814.1453287197228,1,"the secret to good sex  the secret to good sex A few months ago, I wrote an article for the Huffingt..."
wild,0.595,0.065,0.5002774999999999,71522.30757309232,1814.1453287197228,1,"the secret to good sex  the secret to good sex A few months ago, I wrote an article for the Huffingt..."
wild,0.595,0.07,0.5002774999999999,71521.1004026916,1814.1453287197228,1,"the secret to good sex  the secret to good sex A few months ago, I wrote an article for the Huffingt..."
wild,0.595,0.075,0.5002774999999999,71520.10401334497,1814.1453287197228,1,"the secret to good sex  the secret to good sex A few months ago, I wrote an article for the Huffingt..."
wild,0.595,0.08,0.5002774999999999,71529.4852475636,1814.1453287197228,1,"the secret to good sex  the secret to good sex A few months ago, I wrote an article for the Huffingt..."
wild,0.595,0.085,0.5002774999999999,71536.62183175665,1814.1453287197228,1,"the secret to good sex  the secret to good sex A few months ago, I wrote an article for the Huffingt..."
wild,0.595,0.09,0.5002774999999999,71979.34008952664,1814.1453287197228,1,"the secret to good sex  the secret to good sex A few months ago, I wrote an article for the Huffingt..."
wild,0.595,0.095,0.5002774999999999,72547.29448786195,1814.1453287197228,1,"the secret to good sex  the secret to good sex A few months ago, I wrote an article for the Huffingt..."
wild,0.595,0.1,0.5002774999999999,73003.04440117102,1825.1975630983463,1,"the secret to good sex  the secret to good sex A few months ago, I wrote an article for the Huffingt..."
wild,0.6,0.01,0.5002774999999999,71525.41104830937,1814.1453287197228,1,"the secret to good sex  the secret to good sex A few months ago, I wrote an article for the Huffingt..."
wild,0.6,0.015,0.5002774999999999,71525.41104830937,1814.1453287197228,1,"the secret to good sex  the secret to good sex A few months ago, I wrote an article for the Huffingt..."
wild,0.6,0.02,0.5002774999999999,71525.41104830937,1814.1453287197228,1,"the secret to good sex  the secret to good sex A few months ago, I wrote an article for the Huffingt..."
wild,0.6,0.025,0.5002774999999999,71525.41104830937,1814.1453287197228,1,"the secret to good sex  the secret to good sex A few months ago, I wrote an article for the Huffingt..."
wild,0.6,0.03,0.5002774999999999,71525.41104830937,1814.1453287197228,1,"the secret to good sex  the secret to good sex A few months ago, I wrote an article for the Huffingt..."
wild,0.6,0.035,0.5002774999999999,71525.41104830937,1814.1453287197228,1,"the secret to good sex  the secret to good sex A few months ago, I wrote an article for the Huffingt..."
wild,0.6,0.04,0.5002774999999999,71525.41104830937,1814.1453287197228,1,"the secret to good sex  the secret to good sex A few months ago, I wrote an article for the Huffingt..."
wild,0.6,0.045,0.5002774999999999,71525.41104830937,1814.1453287197228,1,"the secret to good sex  the secret to good sex A few months ago, I wrote an article for the Huffingt..."
wild,0.6,0.05,0.5002774999999999,71525.41104830937,1814.1453287197228,1,"the secret to good sex  the secret to good sex A few months ago, I wrote an article for the Huffingt..."
wild,0.6,0.055,0.5002774999999999,71525.27164101473,1814.1453287197228,1,"the secret to good sex  the secret to good sex A few months ago, I wrote an article for the Huffingt..."
wild,0.6,0.06,0.5002774999999999,71524.7000114084,1814.1453287197228,1,"the secret to good sex  the secret to good sex A few months ago, I wrote an article for the Huffingt..."
wild,0.6,0.065,0.5002774999999999,71523.5207876049,1814.1453287197228,1,"the secret to good sex  the secret to good sex A few months ago, I wrote an article for the Huffingt..."
wild,0.6,0.07,0.5002774999999999,71522.3448389492,1814.1453287197228,1,"the secret to good sex  the secret to good sex A few months ago, I wrote an article for the Huffingt..."
wild,0.6,0.075,0.5002774999999999,71521.22430545003,1814.1453287197228,1,"the secret to good sex  the secret to good sex A few months ago, I wrote an article for the Huffingt..."
wild,0.6,0.08,0.5002774999999999,71522.91221609531,1814.1453287197228,1,"the secret to good sex  the secret to good sex A few months ago, I wrote an article for the Huffingt..."
wild,0.6,0.085,0.5002774999999999,71529.77056600476,1814.1453287197228,1,"the secret to good sex  the secret to good sex A few months ago, I wrote an article for the Huffingt..."
wild,0.6,0.09,0.5002774999999999,71537.08116125382,1814.1453287197228,1,"the secret to good sex  the secret to good sex A few months ago, I wrote an article for the Huffingt..."
wild,0.6,0.095,0.5002774999999999,71982.61018852738,1814.1453287197228,1,"the secret to good sex  the secret to good sex A few months ago, I wrote an article for the Huffingt..."
wild,0.6,0.1,0.5002774999999999,72576.8032565112,1814.1453287197228,1,"the secret to good sex  the secret to good sex A few months ago, I wrote an article for the Huffingt..."
